Workbook

Sheet Estimator
A1: Weather Risk Estimator - Evidence-Based Allowance | B1: Weather Risk Estimator - Evidence-Based Allowance | C1: Weather Risk Estimator - Evidence-Based Allowance | D1: Weather Risk Estimator - Evidence-Based Allowance | E1: Weather Risk Estimator - Evidence-Based Allowance | F1: Weather Risk Estimator - Evidence-Based Allowance | G1: Weather Risk Estimator - Evidence-Based Allowance | H1: Weather Risk Estimator - Evidence-Based Allowance | I1: Weather Risk Estimator - Evidence-Based Allowance | J1: Weather Risk Estimator - Evidence-Based Allowance | K1: Weather Risk Estimator - Evidence-Based Allowance | L1: Weather Risk Estimator - Evidence-Based Allowance | M1: Weather Risk Estimator - Evidence-Based Allowance | N1: Weather Risk Estimator - Evidence-Based Allowance | O1: Weather Risk Estimator - Evidence-Based Allowance | P1: Weather Risk Estimator - Evidence-Based Allowance | Q1: Weather Risk Estimator - Evidence-Based Allowance
A3: Project and Cost Inputs | B3: Project and Cost Inputs | D3: Task Factors | E3: Task Factors | G3: Weather and Cost Outputs | H3: Weather and Cost Outputs
A4: Nearest NIWA location | B4: Christchurch | D4: Default rain exposure | E4: =IF($B$9="","",INDEX('Task Library'!$C$7:$C$45,MATCH($B$9,'Task Library'!$A$7:$A$45,0))) -> 1.00 | G4: Date-engine coverage | H4: 01/01/2025 to 31/12/2040
A5: Start date | B5: 46266 | D5: Override rain exposure | G5: Standard workdays | H5: =IF(OR(B5="",B6="",B6<B5),"",SUMPRODUCT((('Date Engine'!$A$7:$A$5850>=$B$5)*('Date Engine'!$A$7:$A$5850<=$B$6)*'Date Engine'!$G$7:$G$5850))) -> 153
A6: End date | B6: 46478 | D6: Effective rain exposure | E6: =IF(E4="","",IF(E5="",E4,E5)) -> 1.00 | G6: Effective workdays | H6: =IF(H5="","",IF(B8="",H5,B8)) -> 153
A7: Working days per week | B7: 5 | G7: Average NIWA wet-day probability | H7: =IFERROR(SUMPRODUCT((('Date Engine'!$A$7:$A$5850>=$B$5)*('Date Engine'!$A$7:$A$5850<=$B$6)*'Date Engine'!$G$7:$G$5850)*'Date Engine'!$H$7:$H$5850)/SUMPRODUCT((('Date Engine'!$A$7:$A$5850>=$B$5)*('Date Engine'!$A$7:$A$5850<=$B$6)*'Date Engine'!$G$7:$G$5850)),"") -> 0.21009558
A8: Working days override (optional) | D8: Default rain productivity loss | E8: =IF($B$9="","",INDEX('Task Library'!$D$7:$D$45,MATCH($B$9,'Task Library'!$A$7:$A$45,0))) -> 0.70 | G8: Local-adjusted wet-day probability | H8: =IF(H7="","",MIN(1,H7*B16)) -> 0.21009558
A9: Representative task | B9: Bulk earthworks | D9: Override rain productivity loss | G9: Mean rain per wet day (context only) | H9: =IFERROR(SUMPRODUCT((('Date Engine'!$A$7:$A$5850>=$B$5)*('Date Engine'!$A$7:$A$5850<=$B$6)*'Date Engine'!$G$7:$G$5850)*'Date Engine'!$H$7:$H$5850*'Date Engine'!$I$7:$I$5850)/SUMPRODUCT((('Date Engine'!$A$7:$A$5850>=$B$5)*('Date Engine'!$A$7:$A$5850<=$B$6)*'Date Engine'!$G$7:$G$5850)*'Date Engine'!$H$7:$H$5850),"") -> 7.0023297
A10: Weather-exposed labour cost $ | D10: Effective rain productivity loss | E10: =IF(E8="","",IF(E9="",E8,E9)) -> 0.70 | G10: Effective wind-event probability | H10: =IF(B15<>"",B15,IFERROR(SUMPRODUCT((('Date Engine'!$A$7:$A$5850>=$B$5)*('Date Engine'!$A$7:$A$5850<=$B$6)*'Date Engine'!$G$7:$G$5850)*'Date Engine'!$J$7:$J$5850)/SUMPRODUCT((('Date Engine'!$A$7:$A$5850>=$B$5)*('Date Engine'!$A$7:$A$5850<=$B$6)*'Date Engine'!$G$7:$G$5850)),0)) -> 0
A11: Weather-exposed plant cost $ | G11: Wind evidence status | H11: =IF(B4="Auckland","AMBER - legacy Auckland wind proxy",IF(B15<>"","AMBER - project override requires source","RED - no wind frequency loaded")) -> RED - no wind frequency loaded
A12: Daily time-related preliminaries $ | D12: Default wet-ground carryover eq. days | E12: =IF($B$9="","",INDEX('Task Library'!$E$7:$E$45,MATCH($B$9,'Task Library'!$A$7:$A$45,0))) -> 0.2
A13: Weekly hire / facilities $ | D13: Override carryover eq. days | G13: On-day rain impact % | H13: =IF(OR(H8="",E6="",E10="",E26=""),"",H8*E6*E10*E26) -> 0.12500687
A14: Project-specific recovery allowance $ | B14: 0 | D14: Effective carryover eq. days | E14: =IF(E12="","",IF(E13="",E12,E13)) -> 0.2 | G14: Wet-ground carryover impact % | H14: =IF(OR(H8="",E14="",E26=""),"",H8*E14*E26) -> 0.035716249
A15: Wind probability override (optional) | G15: Wind impact % | H15: =IF(OR(E18="",E22="",E26=""),"",H10*E18*E22*E26) -> 0
A16: Local wet-day factor | B16: 1 | D16: Default wind sensitivity | E16: =IF($B$9="","",INDEX('Task Library'!$F$7:$F$45,MATCH($B$9,'Task Library'!$A$7:$A$45,0))) -> 0.15 | G16: Combined direct impact % | H16: =IF(B9="","",MIN(1,H13+H14+H15)) -> 0.16072312
A17: Local factor basis / reference | D17: Override wind sensitivity | G17: Expected equivalent lost working days | H17: =IF(OR(H6="",B9=""),"",H6*H16) -> 24.590638
A18: Task is on critical path? | B18: Yes | D18: Effective wind sensitivity | E18: =IF(E16="","",IF(E17="",E16,E17)) -> 0.15 | G18: Suggested critical-path delay working days | H18: =IF(B9="","",IF(B18="Yes",H17,0)) -> 24.590638
D20: Default wind productivity loss | E20: =IF($B$9="","",INDEX('Task Library'!$G$7:$G$45,MATCH($B$9,'Task Library'!$A$7:$A$45,0))) -> 0.70 | G20: Direct productivity allowance $ | H20: =IF(B9="","",(B10+B11)*H16) -> 0 | J20: Month | K20: Wet-Day Probability | L20: Rain per Wet Day (mm)
D21: Override wind productivity loss | G21: Time-related preliminaries allowance $ | H21: =IF(B9="","",H18*B12) -> 0 | J21: Jan | K21: =SUMIFS('Climate Data'!$G$7:$G$366,'Climate Data'!$A$7:$A$366,$B$4,'Climate Data'!$B$7:$B$366,1) -> 0.19462366 | L21: =SUMIFS('Climate Data'!$H$7:$H$366,'Climate Data'!$A$7:$A$366,$B$4,'Climate Data'!$B$7:$B$366,1) -> 7.0276243
D22: Effective wind productivity loss | E22: =IF(E20="","",IF(E21="",E20,E21)) -> 0.70 | G22: Additional billed hire weeks | H22: =IF(OR(H18="",H18=0),0,ROUNDUP(H18/B7,0)) -> 5 | J22: Feb | K22: =SUMIFS('Climate Data'!$G$7:$G$366,'Climate Data'!$A$7:$A$366,$B$4,'Climate Data'!$B$7:$B$366,2) -> 0.18867925 | L22: =SUMIFS('Climate Data'!$H$7:$H$366,'Climate Data'!$A$7:$A$366,$B$4,'Climate Data'!$B$7:$B$366,2) -> 7.4625
G23: Hire / facilities allowance $ | H23: =IF(B9="","",H22*B13) -> 0 | J23: Mar | K23: =SUMIFS('Climate Data'!$G$7:$G$366,'Climate Data'!$A$7:$A$366,$B$4,'Climate Data'!$B$7:$B$366,3) -> 0.18494624 | L23: =SUMIFS('Climate Data'!$H$7:$H$366,'Climate Data'!$A$7:$A$366,$B$4,'Climate Data'!$B$7:$B$366,3) -> 7.8662791
D24: Default nonrecoverable share | E24: =IF($B$9="","",INDEX('Task Library'!$H$7:$H$45,MATCH($B$9,'Task Library'!$A$7:$A$45,0))) -> 0.85 | G24: Project-specific recovery allowance $ | H24: =B14 -> 0 | J24: Apr | K24: =SUMIFS('Climate Data'!$G$7:$G$366,'Climate Data'!$A$7:$A$366,$B$4,'Climate Data'!$B$7:$B$366,4) -> 0.25555556 | L24: =SUMIFS('Climate Data'!$H$7:$H$366,'Climate Data'!$A$7:$A$366,$B$4,'Climate Data'!$B$7:$B$366,4) -> 7.5
D25: Override nonrecoverable share | G25: Total weather allowance $ | H25: =IF(B9="","",SUM(H20:H21,H23:H24)) -> 0 | J25: May | K25: =SUMIFS('Climate Data'!$G$7:$G$366,'Climate Data'!$A$7:$A$366,$B$4,'Climate Data'!$B$7:$B$366,5) -> 0.23010753 | L25: =SUMIFS('Climate Data'!$H$7:$H$366,'Climate Data'!$A$7:$A$366,$B$4,'Climate Data'!$B$7:$B$366,5) -> 8.1448598
D26: Effective nonrecoverable share | E26: =IF(E24="","",IF(E25="",E24,E25)) -> 0.85 | G26: Total as % of exposed direct cost | H26: =IFERROR(H25/(B10+B11),0) -> 0 | J26: Jun | K26: =SUMIFS('Climate Data'!$G$7:$G$366,'Climate Data'!$A$7:$A$366,$B$4,'Climate Data'!$B$7:$B$366,6) -> 0.28666667 | L26: =SUMIFS('Climate Data'!$H$7:$H$366,'Climate Data'!$A$7:$A$366,$B$4,'Climate Data'!$B$7:$B$366,6) -> 7.9418605
J27: Jul | K27: =SUMIFS('Climate Data'!$G$7:$G$366,'Climate Data'!$A$7:$A$366,$B$4,'Climate Data'!$B$7:$B$366,7) -> 0.24731183 | L27: =SUMIFS('Climate Data'!$H$7:$H$366,'Climate Data'!$A$7:$A$366,$B$4,'Climate Data'!$B$7:$B$366,7) -> 8.373913
G28: Chance of at least one wet workday | H28: =IF(OR(H8="",H6=""),"",1-(1-H8)^H6) -> 1 | J28: Aug | K28: =SUMIFS('Climate Data'!$G$7:$G$366,'Climate Data'!$A$7:$A$366,$B$4,'Climate Data'!$B$7:$B$366,8) -> 0.23548387 | L28: =SUMIFS('Climate Data'!$H$7:$H$366,'Climate Data'!$A$7:$A$366,$B$4,'Climate Data'!$B$7:$B$366,8) -> 7.9589041
G29: Output confidence | H29: =IF(OR(B5="",B6="",B9=""),"INCOMPLETE - enter dates and task",IF(OR(B5<DATE(2025,1,1),B6>DATE(2040,12,31)),"RED - dates outside engine",IF(AND(E18>=20%,H10=0),"RED - wind input missing for wind-sensitive task",IF(AND(B16<>1,B17=""),"RED - local factor has no basis","AMBER - NIWA data GREEN; task factors uncalibrated")))) -> RED - wind input missing for wind-sensitive task | J29: Sep | K29: =SUMIFS('Climate Data'!$G$7:$G$366,'Climate Data'!$A$7:$A$366,$B$4,'Climate Data'!$B$7:$B$366,9) -> 0.20666667 | L29: =SUMIFS('Climate Data'!$H$7:$H$366,'Climate Data'!$A$7:$A$366,$B$4,'Climate Data'!$B$7:$B$366,9) -> 6.8064516
G30: Release action | H30: =IF(LEFT(H29,10)="INCOMPLETE","Complete inputs before use",IF(LEFT(H29,3)="RED","Resolve RED input before issue","Disclose AMBER task factors and firm up with actual records / project evidence")) -> Resolve RED input before issue | J30: Oct | K30: =SUMIFS('Climate Data'!$G$7:$G$366,'Climate Data'!$A$7:$A$366,$B$4,'Climate Data'!$B$7:$B$366,10) -> 0.23225806 | L30: =SUMIFS('Climate Data'!$H$7:$H$366,'Climate Data'!$A$7:$A$366,$B$4,'Climate Data'!$B$7:$B$366,10) -> 6.8194444
J31: Nov | K31: =SUMIFS('Climate Data'!$G$7:$G$366,'Climate Data'!$A$7:$A$366,$B$4,'Climate Data'!$B$7:$B$366,11) -> 0.23333333 | L31: =SUMIFS('Climate Data'!$H$7:$H$366,'Climate Data'!$A$7:$A$366,$B$4,'Climate Data'!$B$7:$B$366,11) -> 6.4428571
J32: Dec | K32: =SUMIFS('Climate Data'!$G$7:$G$366,'Climate Data'!$A$7:$A$366,$B$4,'Climate Data'!$B$7:$B$366,12) -> 0.22688172 | L32: =SUMIFS('Climate Data'!$H$7:$H$366,'Climate Data'!$A$7:$A$366,$B$4,'Climate Data'!$B$7:$B$366,12) -> 6.7962085
A34: Estimator Statement and Controls | B34: Estimator Statement and Controls | C34: Estimator Statement and Controls | D34: Estimator Statement and Controls | E34: Estimator Statement and Controls | F34: Estimator Statement and Controls | G34: Estimator Statement and Controls | H34: Estimator Statement and Controls | I34: Estimator Statement and Controls | J34: Estimator Statement and Controls | K34: Estimator Statement and Controls | L34: Estimator Statement and Controls | M34: Estimator Statement and Controls | N34: Estimator Statement and Controls | O34: Estimator Statement and Controls | P34: Estimator Statement and Controls | Q34: Estimator Statement and Controls
A35: =IF(OR(B5="",B6="",B9=""),"Enter a location, dates and task to calculate an evidence-based allowance.","Using NIWA 1991-2020 climate normals for "&B4&", the selected working period has an average "&TEXT(H8,"0.0%")&" chance of a 1 mm wet day. For "&B9&", the model estimates "&TEXT(H17,"0.00")&" equivalent lost working days and a total weather allowance of "&TEXT(H25,"$#,##0")&". NIWA data is sourced evidence; task sensitivity and carryover remain AMBER company assumptions until calibrated.") -> Using NIWA 1991-2020 climate normals for Christchurch, the selected working period has an average 21.0% chance of a 1 mm wet day. For Bulk earthworks, the model estimates 24.59 equivalent lost working days and a total weather allowance of $0. NIWA data is sourced evidence; task sensitivity and carryover remain AMBER company assumptions until calibrated.
A39: Controls: - A 1 mm wet day is not automatically a lost day. Task factors convert climate exposure into estimated productivity loss. - Rain, wet-ground carryover and wind are calculated separately. Rainfall intensity is shown as context only. - Wind uses an AMBER Auckland proxy only; other locations require a sourced override when wind matters. - Suggested delay days apply only when the representative task is genuinely on the critical path. - Public holidays and shutdowns are not included in the date engine. - Do not add task lost days across concurrent activities; use the Activity Allowances critical-path flags and the live programme.

Sheet Activity Allowances
A1: Activity Weather Allowances - Programme and Cost Link | B1: Activity Weather Allowances - Programme and Cost Link | C1: Activity Weather Allowances - Programme and Cost Link | D1: Activity Weather Allowances - Programme and Cost Link | E1: Activity Weather Allowances - Programme and Cost Link | F1: Activity Weather Allowances - Programme and Cost Link | G1: Activity Weather Allowances - Programme and Cost Link | H1: Activity Weather Allowances - Programme and Cost Link | I1: Activity Weather Allowances - Programme and Cost Link | J1: Activity Weather Allowances - Programme and Cost Link | K1: Activity Weather Allowances - Programme and Cost Link | L1: Activity Weather Allowances - Programme and Cost Link | M1: Activity Weather Allowances - Programme and Cost Link | N1: Activity Weather Allowances - Programme and Cost Link | O1: Activity Weather Allowances - Programme and Cost Link | P1: Activity Weather Allowances - Programme and Cost Link | Q1: Activity Weather Allowances - Programme and Cost Link | R1: Activity Weather Allowances - Programme and Cost Link | S1: Activity Weather Allowances - Programme and Cost Link | T1: Activity Weather Allowances - Programme and Cost Link | U1: Activity Weather Allowances - Programme and Cost Link | V1: Activity Weather Allowances - Programme and Cost Link | W1: Activity Weather Allowances - Programme and Cost Link | X1: Activity Weather Allowances - Programme and Cost Link | Y1: Activity Weather Allowances - Programme and Cost Link | Z1: Activity Weather Allowances - Programme and Cost Link | AA1: Activity Weather Allowances - Programme and Cost Link | AB1: Activity Weather Allowances - Programme and Cost Link | AC1: Activity Weather Allowances - Programme and Cost Link | AD1: Activity Weather Allowances - Programme and Cost Link | AE1: Activity Weather Allowances - Programme and Cost Link | AF1: Activity Weather Allowances - Programme and Cost Link | AG1: Activity Weather Allowances - Programme and Cost Link | AH1: Activity Weather Allowances - Programme and Cost Link | AI1: Activity Weather Allowances - Programme and Cost Link | AJ1: Activity Weather Allowances - Programme and Cost Link | AK1: Activity Weather Allowances - Programme and Cost Link | AL1: Activity Weather Allowances - Programme and Cost Link
A3: Local wet-day factor | B3: 1 | C3: Wind probability override | E3: Daily time-related preliminaries $ | G3: Weekly hire / facilities $ | I3: Project recovery / remediation allowance $ | J3: 0 | L3: Use Critical Path = Yes only for sequential activities on the actual critical path. Concurrent task losses must not be added as programme delay. Direct productivity costs may still be assessed by activity.
A6: Task | B6: Category | C6: Start | D6: Finish | E6: Critical Path? | F6: Exposed Labour $ | G6: Exposed Plant $ | H6: Rain Exposure Default | I6: Rain Exposure Override | J6: Effective Rain Exposure | K6: Rain Loss Default | L6: Rain Loss Override | M6: Effective Rain Loss | N6: Carryover Default | O6: Carryover Override | P6: Effective Carryover | Q6: Wind Sensitivity Default | R6: Wind Sensitivity Override | S6: Effective Wind Sensitivity | T6: Wind Loss Default | U6: Wind Loss Override | V6: Effective Wind Loss | W6: Nonrecoverable Default | X6: Nonrecoverable Override | Y6: Effective Nonrecoverable | Z6: Workdays | AA6: Avg Wet Probability | AB6: Adjusted Wet Probability | AC6: Wind Probability | AD6: Rain Impact % | AE6: Carryover Impact % | AF6: Wind Impact % | AG6: Combined Impact % | AH6: Direct Allowance $ | AI6: Equivalent Lost WD | AJ6: CP Delay WD | AK6: Status | AL6: Basis / Note
B7: =IF(A7="","",INDEX('Task Library'!$B$7:$B$45,MATCH(A7,'Task Library'!$A$7:$A$45,0))) | E7: No | H7: =IF(A7="","",INDEX('Task Library'!$C$7:$C$45,MATCH(A7,'Task Library'!$A$7:$A$45,0))) | J7: =IF(H7="","",IF(I7="",H7,I7)) | K7: =IF(A7="","",INDEX('Task Library'!$D$7:$D$45,MATCH(A7,'Task Library'!$A$7:$A$45,0))) | M7: =IF(K7="","",IF(L7="",K7,L7)) | N7: =IF(A7="","",INDEX('Task Library'!$E$7:$E$45,MATCH(A7,'Task Library'!$A$7:$A$45,0))) | P7: =IF(N7="","",IF(O7="",N7,O7)) | Q7: =IF(A7="","",INDEX('Task Library'!$F$7:$F$45,MATCH(A7,'Task Library'!$A$7:$A$45,0))) | S7: =IF(Q7="","",IF(R7="",Q7,R7)) | T7: =IF(A7="","",INDEX('Task Library'!$G$7:$G$45,MATCH(A7,'Task Library'!$A$7:$A$45,0))) | V7: =IF(T7="","",IF(U7="",T7,U7)) | W7: =IF(A7="","",INDEX('Task Library'!$H$7:$H$45,MATCH(A7,'Task Library'!$A$7:$A$45,0))) | Y7: =IF(W7="","",IF(X7="",W7,X7)) | Z7: =IF(OR(C7="",D7="",D7<C7),"",SUMPRODUCT((('Date Engine'!$A$7:$A$5850>=C7)*('Date Engine'!$A$7:$A$5850<=D7)*'Date Engine'!$G$7:$G$5850))) | AA7: =IFERROR(SUMPRODUCT((('Date Engine'!$A$7:$A$5850>=C7)*('Date Engine'!$A$7:$A$5850<=D7)*'Date Engine'!$G$7:$G$5850)*'Date Engine'!$H$7:$H$5850)/SUMPRODUCT((('Date Engine'!$A$7:$A$5850>=C7)*('Date Engine'!$A$7:$A$5850<=D7)*'Date Engine'!$G$7:$G$5850)),"") | AB7: =IF(AA7="","",MIN(1,AA7*$B$3)) | AC7: =IF($D$3<>"",$D$3,IFERROR(SUMPRODUCT((('Date Engine'!$A$7:$A$5850>=C7)*('Date Engine'!$A$7:$A$5850<=D7)*'Date Engine'!$G$7:$G$5850)*'Date Engine'!$J$7:$J$5850)/SUMPRODUCT((('Date Engine'!$A$7:$A$5850>=C7)*('Date Engine'!$A$7:$A$5850<=D7)*'Date Engine'!$G$7:$G$5850)),0)) -> 0 | AD7: =IF(OR(AB7="",J7="",M7="",Y7=""),"",AB7*J7*M7*Y7) | AE7: =IF(OR(AB7="",P7="",Y7=""),"",AB7*P7*Y7) | AF7: =IF(OR(S7="",V7="",Y7=""),"",AC7*S7*V7*Y7) | AG7: =IF(A7="","",MIN(1,AD7+AE7+AF7)) | AH7: =IF(A7="","",(F7+G7)*AG7) | AI7: =IF(OR(A7="",Z7=""),"",Z7*AG7) | AJ7: =IF(A7="","",IF(E7="Yes",AI7,0)) | AK7: =IF(A7="","",IF(OR(C7<DATE(2025,1,1),D7>DATE(2040,12,31),D7<C7),"RED - date input",IF(AND(S7>=20%,AC7=0),"RED - wind input",IF($B$3<>1,"AMBER - local factor requires basis","AMBER - task factors uncalibrated"))))
B8: =IF(A8="","",INDEX('Task Library'!$B$7:$B$45,MATCH(A8,'Task Library'!$A$7:$A$45,0))) | E8: No | H8: =IF(A8="","",INDEX('Task Library'!$C$7:$C$45,MATCH(A8,'Task Library'!$A$7:$A$45,0))) | J8: =IF(H8="","",IF(I8="",H8,I8)) | K8: =IF(A8="","",INDEX('Task Library'!$D$7:$D$45,MATCH(A8,'Task Library'!$A$7:$A$45,0))) | M8: =IF(K8="","",IF(L8="",K8,L8)) | N8: =IF(A8="","",INDEX('Task Library'!$E$7:$E$45,MATCH(A8,'Task Library'!$A$7:$A$45,0))) | P8: =IF(N8="","",IF(O8="",N8,O8)) | Q8: =IF(A8="","",INDEX('Task Library'!$F$7:$F$45,MATCH(A8,'Task Library'!$A$7:$A$45,0))) | S8: =IF(Q8="","",IF(R8="",Q8,R8)) | T8: =IF(A8="","",INDEX('Task Library'!$G$7:$G$45,MATCH(A8,'Task Library'!$A$7:$A$45,0))) | V8: =IF(T8="","",IF(U8="",T8,U8)) | W8: =IF(A8="","",INDEX('Task Library'!$H$7:$H$45,MATCH(A8,'Task Library'!$A$7:$A$45,0))) | Y8: =IF(W8="","",IF(X8="",W8,X8)) | Z8: =IF(OR(C8="",D8="",D8<C8),"",SUMPRODUCT((('Date Engine'!$A$7:$A$5850>=C8)*('Date Engine'!$A$7:$A$5850<=D8)*'Date Engine'!$G$7:$G$5850))) | AA8: =IFERROR(SUMPRODUCT((('Date Engine'!$A$7:$A$5850>=C8)*('Date Engine'!$A$7:$A$5850<=D8)*'Date Engine'!$G$7:$G$5850)*'Date Engine'!$H$7:$H$5850)/SUMPRODUCT((('Date Engine'!$A$7:$A$5850>=C8)*('Date Engine'!$A$7:$A$5850<=D8)*'Date Engine'!$G$7:$G$5850)),"") | AB8: =IF(AA8="","",MIN(1,AA8*$B$3)) | AC8: =IF($D$3<>"",$D$3,IFERROR(SUMPRODUCT((('Date Engine'!$A$7:$A$5850>=C8)*('Date Engine'!$A$7:$A$5850<=D8)*'Date Engine'!$G$7:$G$5850)*'Date Engine'!$J$7:$J$5850)/SUMPRODUCT((('Date Engine'!$A$7:$A$5850>=C8)*('Date Engine'!$A$7:$A$5850<=D8)*'Date Engine'!$G$7:$G$5850)),0)) -> 0 | AD8: =IF(OR(AB8="",J8="",M8="",Y8=""),"",AB8*J8*M8*Y8) | AE8: =IF(OR(AB8="",P8="",Y8=""),"",AB8*P8*Y8) | AF8: =IF(OR(S8="",V8="",Y8=""),"",AC8*S8*V8*Y8) | AG8: =IF(A8="","",MIN(1,AD8+AE8+AF8)) | AH8: =IF(A8="","",(F8+G8)*AG8) | AI8: =IF(OR(A8="",Z8=""),"",Z8*AG8) | AJ8: =IF(A8="","",IF(E8="Yes",AI8,0)) | AK8: =IF(A8="","",IF(OR(C8<DATE(2025,1,1),D8>DATE(2040,12,31),D8<C8),"RED - date input",IF(AND(S8>=20%,AC8=0),"RED - wind input",IF($B$3<>1,"AMBER - local factor requires basis","AMBER - task factors uncalibrated"))))
B9: =IF(A9="","",INDEX('Task Library'!$B$7:$B$45,MATCH(A9,'Task Library'!$A$7:$A$45,0))) | E9: No | H9: =IF(A9="","",INDEX('Task Library'!$C$7:$C$45,MATCH(A9,'Task Library'!$A$7:$A$45,0))) | J9: =IF(H9="","",IF(I9="",H9,I9)) | K9: =IF(A9="","",INDEX('Task Library'!$D$7:$D$45,MATCH(A9,'Task Library'!$A$7:$A$45,0))) | M9: =IF(K9="","",IF(L9="",K9,L9)) | N9: =IF(A9="","",INDEX('Task Library'!$E$7:$E$45,MATCH(A9,'Task Library'!$A$7:$A$45,0))) | P9: =IF(N9="","",IF(O9="",N9,O9)) | Q9: =IF(A9="","",INDEX('Task Library'!$F$7:$F$45,MATCH(A9,'Task Library'!$A$7:$A$45,0))) | S9: =IF(Q9="","",IF(R9="",Q9,R9)) | T9: =IF(A9="","",INDEX('Task Library'!$G$7:$G$45,MATCH(A9,'Task Library'!$A$7:$A$45,0))) | V9: =IF(T9="","",IF(U9="",T9,U9)) | W9: =IF(A9="","",INDEX('Task Library'!$H$7:$H$45,MATCH(A9,'Task Library'!$A$7:$A$45,0))) | Y9: =IF(W9="","",IF(X9="",W9,X9)) | Z9: =IF(OR(C9="",D9="",D9<C9),"",SUMPRODUCT((('Date Engine'!$A$7:$A$5850>=C9)*('Date Engine'!$A$7:$A$5850<=D9)*'Date Engine'!$G$7:$G$5850))) | AA9: =IFERROR(SUMPRODUCT((('Date Engine'!$A$7:$A$5850>=C9)*('Date Engine'!$A$7:$A$5850<=D9)*'Date Engine'!$G$7:$G$5850)*'Date Engine'!$H$7:$H$5850)/SUMPRODUCT((('Date Engine'!$A$7:$A$5850>=C9)*('Date Engine'!$A$7:$A$5850<=D9)*'Date Engine'!$G$7:$G$5850)),"") | AB9: =IF(AA9="","",MIN(1,AA9*$B$3)) | AC9: =IF($D$3<>"",$D$3,IFERROR(SUMPRODUCT((('Date Engine'!$A$7:$A$5850>=C9)*('Date Engine'!$A$7:$A$5850<=D9)*'Date Engine'!$G$7:$G$5850)*'Date Engine'!$J$7:$J$5850)/SUMPRODUCT((('Date Engine'!$A$7:$A$5850>=C9)*('Date Engine'!$A$7:$A$5850<=D9)*'Date Engine'!$G$7:$G$5850)),0)) -> 0 | AD9: =IF(OR(AB9="",J9="",M9="",Y9=""),"",AB9*J9*M9*Y9) | AE9: =IF(OR(AB9="",P9="",Y9=""),"",AB9*P9*Y9) | AF9: =IF(OR(S9="",V9="",Y9=""),"",AC9*S9*V9*Y9) | AG9: =IF(A9="","",MIN(1,AD9+AE9+AF9)) | AH9: =IF(A9="","",(F9+G9)*AG9) | AI9: =IF(OR(A9="",Z9=""),"",Z9*AG9) | AJ9: =IF(A9="","",IF(E9="Yes",AI9,0)) | AK9: =IF(A9="","",IF(OR(C9<DATE(2025,1,1),D9>DATE(2040,12,31),D9<C9),"RED - date input",IF(AND(S9>=20%,AC9=0),"RED - wind input",IF($B$3<>1,"AMBER - local factor requires basis","AMBER - task factors uncalibrated"))))
B10: =IF(A10="","",INDEX('Task Library'!$B$7:$B$45,MATCH(A10,'Task Library'!$A$7:$A$45,0))) | E10: No | H10: =IF(A10="","",INDEX('Task Library'!$C$7:$C$45,MATCH(A10,'Task Library'!$A$7:$A$45,0))) | J10: =IF(H10="","",IF(I10="",H10,I10)) | K10: =IF(A10="","",INDEX('Task Library'!$D$7:$D$45,MATCH(A10,'Task Library'!$A$7:$A$45,0))) | M10: =IF(K10="","",IF(L10="",K10,L10)) | N10: =IF(A10="","",INDEX('Task Library'!$E$7:$E$45,MATCH(A10,'Task Library'!$A$7:$A$45,0))) | P10: =IF(N10="","",IF(O10="",N10,O10)) | Q10: =IF(A10="","",INDEX('Task Library'!$F$7:$F$45,MATCH(A10,'Task Library'!$A$7:$A$45,0))) | S10: =IF(Q10="","",IF(R10="",Q10,R10)) | T10: =IF(A10="","",INDEX('Task Library'!$G$7:$G$45,MATCH(A10,'Task Library'!$A$7:$A$45,0))) | V10: =IF(T10="","",IF(U10="",T10,U10)) | W10: =IF(A10="","",INDEX('Task Library'!$H$7:$H$45,MATCH(A10,'Task Library'!$A$7:$A$45,0))) | Y10: =IF(W10="","",IF(X10="",W10,X10)) | Z10: =IF(OR(C10="",D10="",D10<C10),"",SUMPRODUCT((('Date Engine'!$A$7:$A$5850>=C10)*('Date Engine'!$A$7:$A$5850<=D10)*'Date Engine'!$G$7:$G$5850))) | AA10: =IFERROR(SUMPRODUCT((('Date Engine'!$A$7:$A$5850>=C10)*('Date Engine'!$A$7:$A$5850<=D10)*'Date Engine'!$G$7:$G$5850)*'Date Engine'!$H$7:$H$5850)/SUMPRODUCT((('Date Engine'!$A$7:$A$5850>=C10)*('Date Engine'!$A$7:$A$5850<=D10)*'Date Engine'!$G$7:$G$5850)),"") | AB10: =IF(AA10="","",MIN(1,AA10*$B$3)) | AC10: =IF($D$3<>"",$D$3,IFERROR(SUMPRODUCT((('Date Engine'!$A$7:$A$5850>=C10)*('Date Engine'!$A$7:$A$5850<=D10)*'Date Engine'!$G$7:$G$5850)*'Date Engine'!$J$7:$J$5850)/SUMPRODUCT((('Date Engine'!$A$7:$A$5850>=C10)*('Date Engine'!$A$7:$A$5850<=D10)*'Date Engine'!$G$7:$G$5850)),0)) -> 0 | AD10: =IF(OR(AB10="",J10="",M10="",Y10=""),"",AB10*J10*M10*Y10) | AE10: =IF(OR(AB10="",P10="",Y10=""),"",AB10*P10*Y10) | AF10: =IF(OR(S10="",V10="",Y10=""),"",AC10*S10*V10*Y10) | AG10: =IF(A10="","",MIN(1,AD10+AE10+AF10)) | AH10: =IF(A10="","",(F10+G10)*AG10) | AI10: =IF(OR(A10="",Z10=""),"",Z10*AG10) | AJ10: =IF(A10="","",IF(E10="Yes",AI10,0)) | AK10: =IF(A10="","",IF(OR(C10<DATE(2025,1,1),D10>DATE(2040,12,31),D10<C10),"RED - date input",IF(AND(S10>=20%,AC10=0),"RED - wind input",IF($B$3<>1,"AMBER - local factor requires basis","AMBER - task factors uncalibrated"))))
B11: =IF(A11="","",INDEX('Task Library'!$B$7:$B$45,MATCH(A11,'Task Library'!$A$7:$A$45,0))) | E11: No | H11: =IF(A11="","",INDEX('Task Library'!$C$7:$C$45,MATCH(A11,'Task Library'!$A$7:$A$45,0))) | J11: =IF(H11="","",IF(I11="",H11,I11)) | K11: =IF(A11="","",INDEX('Task Library'!$D$7:$D$45,MATCH(A11,'Task Library'!$A$7:$A$45,0))) | M11: =IF(K11="","",IF(L11="",K11,L11)) | N11: =IF(A11="","",INDEX('Task Library'!$E$7:$E$45,MATCH(A11,'Task Library'!$A$7:$A$45,0))) | P11: =IF(N11="","",IF(O11="",N11,O11)) | Q11: =IF(A11="","",INDEX('Task Library'!$F$7:$F$45,MATCH(A11,'Task Library'!$A$7:$A$45,0))) | S11: =IF(Q11="","",IF(R11="",Q11,R11)) | T11: =IF(A11="","",INDEX('Task Library'!$G$7:$G$45,MATCH(A11,'Task Library'!$A$7:$A$45,0))) | V11: =IF(T11="","",IF(U11="",T11,U11)) | W11: =IF(A11="","",INDEX('Task Library'!$H$7:$H$45,MATCH(A11,'Task Library'!$A$7:$A$45,0))) | Y11: =IF(W11="","",IF(X11="",W11,X11)) | Z11: =IF(OR(C11="",D11="",D11<C11),"",SUMPRODUCT((('Date Engine'!$A$7:$A$5850>=C11)*('Date Engine'!$A$7:$A$5850<=D11)*'Date Engine'!$G$7:$G$5850))) | AA11: =IFERROR(SUMPRODUCT((('Date Engine'!$A$7:$A$5850>=C11)*('Date Engine'!$A$7:$A$5850<=D11)*'Date Engine'!$G$7:$G$5850)*'Date Engine'!$H$7:$H$5850)/SUMPRODUCT((('Date Engine'!$A$7:$A$5850>=C11)*('Date Engine'!$A$7:$A$5850<=D11)*'Date Engine'!$G$7:$G$5850)),"") | AB11: =IF(AA11="","",MIN(1,AA11*$B$3)) | AC11: =IF($D$3<>"",$D$3,IFERROR(SUMPRODUCT((('Date Engine'!$A$7:$A$5850>=C11)*('Date Engine'!$A$7:$A$5850<=D11)*'Date Engine'!$G$7:$G$5850)*'Date Engine'!$J$7:$J$5850)/SUMPRODUCT((('Date Engine'!$A$7:$A$5850>=C11)*('Date Engine'!$A$7:$A$5850<=D11)*'Date Engine'!$G$7:$G$5850)),0)) -> 0 | AD11: =IF(OR(AB11="",J11="",M11="",Y11=""),"",AB11*J11*M11*Y11) | AE11: =IF(OR(AB11="",P11="",Y11=""),"",AB11*P11*Y11) | AF11: =IF(OR(S11="",V11="",Y11=""),"",AC11*S11*V11*Y11) | AG11: =IF(A11="","",MIN(1,AD11+AE11+AF11)) | AH11: =IF(A11="","",(F11+G11)*AG11) | AI11: =IF(OR(A11="",Z11=""),"",Z11*AG11) | AJ11: =IF(A11="","",IF(E11="Yes",AI11,0)) | AK11: =IF(A11="","",IF(OR(C11<DATE(2025,1,1),D11>DATE(2040,12,31),D11<C11),"RED - date input",IF(AND(S11>=20%,AC11=0),"RED - wind input",IF($B$3<>1,"AMBER - local factor requires basis","AMBER - task factors uncalibrated"))))
B12: =IF(A12="","",INDEX('Task Library'!$B$7:$B$45,MATCH(A12,'Task Library'!$A$7:$A$45,0))) | E12: No | H12: =IF(A12="","",INDEX('Task Library'!$C$7:$C$45,MATCH(A12,'Task Library'!$A$7:$A$45,0))) | J12: =IF(H12="","",IF(I12="",H12,I12)) | K12: =IF(A12="","",INDEX('Task Library'!$D$7:$D$45,MATCH(A12,'Task Library'!$A$7:$A$45,0))) | M12: =IF(K12="","",IF(L12="",K12,L12)) | N12: =IF(A12="","",INDEX('Task Library'!$E$7:$E$45,MATCH(A12,'Task Library'!$A$7:$A$45,0))) | P12: =IF(N12="","",IF(O12="",N12,O12)) | Q12: =IF(A12="","",INDEX('Task Library'!$F$7:$F$45,MATCH(A12,'Task Library'!$A$7:$A$45,0))) | S12: =IF(Q12="","",IF(R12="",Q12,R12)) | T12: =IF(A12="","",INDEX('Task Library'!$G$7:$G$45,MATCH(A12,'Task Library'!$A$7:$A$45,0))) | V12: =IF(T12="","",IF(U12="",T12,U12)) | W12: =IF(A12="","",INDEX('Task Library'!$H$7:$H$45,MATCH(A12,'Task Library'!$A$7:$A$45,0))) | Y12: =IF(W12="","",IF(X12="",W12,X12)) | Z12: =IF(OR(C12="",D12="",D12<C12),"",SUMPRODUCT((('Date Engine'!$A$7:$A$5850>=C12)*('Date Engine'!$A$7:$A$5850<=D12)*'Date Engine'!$G$7:$G$5850))) | AA12: =IFERROR(SUMPRODUCT((('Date Engine'!$A$7:$A$5850>=C12)*('Date Engine'!$A$7:$A$5850<=D12)*'Date Engine'!$G$7:$G$5850)*'Date Engine'!$H$7:$H$5850)/SUMPRODUCT((('Date Engine'!$A$7:$A$5850>=C12)*('Date Engine'!$A$7:$A$5850<=D12)*'Date Engine'!$G$7:$G$5850)),"") | AB12: =IF(AA12="","",MIN(1,AA12*$B$3)) | AC12: =IF($D$3<>"",$D$3,IFERROR(SUMPRODUCT((('Date Engine'!$A$7:$A$5850>=C12)*('Date Engine'!$A$7:$A$5850<=D12)*'Date Engine'!$G$7:$G$5850)*'Date Engine'!$J$7:$J$5850)/SUMPRODUCT((('Date Engine'!$A$7:$A$5850>=C12)*('Date Engine'!$A$7:$A$5850<=D12)*'Date Engine'!$G$7:$G$5850)),0)) -> 0 | AD12: =IF(OR(AB12="",J12="",M12="",Y12=""),"",AB12*J12*M12*Y12) | AE12: =IF(OR(AB12="",P12="",Y12=""),"",AB12*P12*Y12) | AF12: =IF(OR(S12="",V12="",Y12=""),"",AC12*S12*V12*Y12) | AG12: =IF(A12="","",MIN(1,AD12+AE12+AF12)) | AH12: =IF(A12="","",(F12+G12)*AG12) | AI12: =IF(OR(A12="",Z12=""),"",Z12*AG12) | AJ12: =IF(A12="","",IF(E12="Yes",AI12,0)) | AK12: =IF(A12="","",IF(OR(C12<DATE(2025,1,1),D12>DATE(2040,12,31),D12<C12),"RED - date input",IF(AND(S12>=20%,AC12=0),"RED - wind input",IF($B$3<>1,"AMBER - local factor requires basis","AMBER - task factors uncalibrated"))))
B13: =IF(A13="","",INDEX('Task Library'!$B$7:$B$45,MATCH(A13,'Task Library'!$A$7:$A$45,0))) | E13: No | H13: =IF(A13="","",INDEX('Task Library'!$C$7:$C$45,MATCH(A13,'Task Library'!$A$7:$A$45,0))) | J13: =IF(H13="","",IF(I13="",H13,I13)) | K13: =IF(A13="","",INDEX('Task Library'!$D$7:$D$45,MATCH(A13,'Task Library'!$A$7:$A$45,0))) | M13: =IF(K13="","",IF(L13="",K13,L13)) | N13: =IF(A13="","",INDEX('Task Library'!$E$7:$E$45,MATCH(A13,'Task Library'!$A$7:$A$45,0))) | P13: =IF(N13="","",IF(O13="",N13,O13)) | Q13: =IF(A13="","",INDEX('Task Library'!$F$7:$F$45,MATCH(A13,'Task Library'!$A$7:$A$45,0))) | S13: =IF(Q13="","",IF(R13="",Q13,R13)) | T13: =IF(A13="","",INDEX('Task Library'!$G$7:$G$45,MATCH(A13,'Task Library'!$A$7:$A$45,0))) | V13: =IF(T13="","",IF(U13="",T13,U13)) | W13: =IF(A13="","",INDEX('Task Library'!$H$7:$H$45,MATCH(A13,'Task Library'!$A$7:$A$45,0))) | Y13: =IF(W13="","",IF(X13="",W13,X13)) | Z13: =IF(OR(C13="",D13="",D13<C13),"",SUMPRODUCT((('Date Engine'!$A$7:$A$5850>=C13)*('Date Engine'!$A$7:$A$5850<=D13)*'Date Engine'!$G$7:$G$5850))) | AA13: =IFERROR(SUMPRODUCT((('Date Engine'!$A$7:$A$5850>=C13)*('Date Engine'!$A$7:$A$5850<=D13)*'Date Engine'!$G$7:$G$5850)*'Date Engine'!$H$7:$H$5850)/SUMPRODUCT((('Date Engine'!$A$7:$A$5850>=C13)*('Date Engine'!$A$7:$A$5850<=D13)*'Date Engine'!$G$7:$G$5850)),"") | AB13: =IF(AA13="","",MIN(1,AA13*$B$3)) | AC13: =IF($D$3<>"",$D$3,IFERROR(SUMPRODUCT((('Date Engine'!$A$7:$A$5850>=C13)*('Date Engine'!$A$7:$A$5850<=D13)*'Date Engine'!$G$7:$G$5850)*'Date Engine'!$J$7:$J$5850)/SUMPRODUCT((('Date Engine'!$A$7:$A$5850>=C13)*('Date Engine'!$A$7:$A$5850<=D13)*'Date Engine'!$G$7:$G$5850)),0)) -> 0 | AD13: =IF(OR(AB13="",J13="",M13="",Y13=""),"",AB13*J13*M13*Y13) | AE13: =IF(OR(AB13="",P13="",Y13=""),"",AB13*P13*Y13) | AF13: =IF(OR(S13="",V13="",Y13=""),"",AC13*S13*V13*Y13) | AG13: =IF(A13="","",MIN(1,AD13+AE13+AF13)) | AH13: =IF(A13="","",(F13+G13)*AG13) | AI13: =IF(OR(A13="",Z13=""),"",Z13*AG13) | AJ13: =IF(A13="","",IF(E13="Yes",AI13,0)) | AK13: =IF(A13="","",IF(OR(C13<DATE(2025,1,1),D13>DATE(2040,12,31),D13<C13),"RED - date input",IF(AND(S13>=20%,AC13=0),"RED - wind input",IF($B$3<>1,"AMBER - local factor requires basis","AMBER - task factors uncalibrated"))))
B14: =IF(A14="","",INDEX('Task Library'!$B$7:$B$45,MATCH(A14,'Task Library'!$A$7:$A$45,0))) | E14: No | H14: =IF(A14="","",INDEX('Task Library'!$C$7:$C$45,MATCH(A14,'Task Library'!$A$7:$A$45,0))) | J14: =IF(H14="","",IF(I14="",H14,I14)) | K14: =IF(A14="","",INDEX('Task Library'!$D$7:$D$45,MATCH(A14,'Task Library'!$A$7:$A$45,0))) | M14: =IF(K14="","",IF(L14="",K14,L14)) | N14: =IF(A14="","",INDEX('Task Library'!$E$7:$E$45,MATCH(A14,'Task Library'!$A$7:$A$45,0))) | P14: =IF(N14="","",IF(O14="",N14,O14)) | Q14: =IF(A14="","",INDEX('Task Library'!$F$7:$F$45,MATCH(A14,'Task Library'!$A$7:$A$45,0))) | S14: =IF(Q14="","",IF(R14="",Q14,R14)) | T14: =IF(A14="","",INDEX('Task Library'!$G$7:$G$45,MATCH(A14,'Task Library'!$A$7:$A$45,0))) | V14: =IF(T14="","",IF(U14="",T14,U14)) | W14: =IF(A14="","",INDEX('Task Library'!$H$7:$H$45,MATCH(A14,'Task Library'!$A$7:$A$45,0))) | Y14: =IF(W14="","",IF(X14="",W14,X14)) | Z14: =IF(OR(C14="",D14="",D14<C14),"",SUMPRODUCT((('Date Engine'!$A$7:$A$5850>=C14)*('Date Engine'!$A$7:$A$5850<=D14)*'Date Engine'!$G$7:$G$5850))) | AA14: =IFERROR(SUMPRODUCT((('Date Engine'!$A$7:$A$5850>=C14)*('Date Engine'!$A$7:$A$5850<=D14)*'Date Engine'!$G$7:$G$5850)*'Date Engine'!$H$7:$H$5850)/SUMPRODUCT((('Date Engine'!$A$7:$A$5850>=C14)*('Date Engine'!$A$7:$A$5850<=D14)*'Date Engine'!$G$7:$G$5850)),"") | AB14: =IF(AA14="","",MIN(1,AA14*$B$3)) | AC14: =IF($D$3<>"",$D$3,IFERROR(SUMPRODUCT((('Date Engine'!$A$7:$A$5850>=C14)*('Date Engine'!$A$7:$A$5850<=D14)*'Date Engine'!$G$7:$G$5850)*'Date Engine'!$J$7:$J$5850)/SUMPRODUCT((('Date Engine'!$A$7:$A$5850>=C14)*('Date Engine'!$A$7:$A$5850<=D14)*'Date Engine'!$G$7:$G$5850)),0)) -> 0 | AD14: =IF(OR(AB14="",J14="",M14="",Y14=""),"",AB14*J14*M14*Y14) | AE14: =IF(OR(AB14="",P14="",Y14=""),"",AB14*P14*Y14) | AF14: =IF(OR(S14="",V14="",Y14=""),"",AC14*S14*V14*Y14) | AG14: =IF(A14="","",MIN(1,AD14+AE14+AF14)) | AH14: =IF(A14="","",(F14+G14)*AG14) | AI14: =IF(OR(A14="",Z14=""),"",Z14*AG14) | AJ14: =IF(A14="","",IF(E14="Yes",AI14,0)) | AK14: =IF(A14="","",IF(OR(C14<DATE(2025,1,1),D14>DATE(2040,12,31),D14<C14),"RED - date input",IF(AND(S14>=20%,AC14=0),"RED - wind input",IF($B$3<>1,"AMBER - local factor requires basis","AMBER - task factors uncalibrated"))))
B15: =IF(A15="","",INDEX('Task Library'!$B$7:$B$45,MATCH(A15,'Task Library'!$A$7:$A$45,0))) | E15: No | H15: =IF(A15="","",INDEX('Task Library'!$C$7:$C$45,MATCH(A15,'Task Library'!$A$7:$A$45,0))) | J15: =IF(H15="","",IF(I15="",H15,I15)) | K15: =IF(A15="","",INDEX('Task Library'!$D$7:$D$45,MATCH(A15,'Task Library'!$A$7:$A$45,0))) | M15: =IF(K15="","",IF(L15="",K15,L15)) | N15: =IF(A15="","",INDEX('Task Library'!$E$7:$E$45,MATCH(A15,'Task Library'!$A$7:$A$45,0))) | P15: =IF(N15="","",IF(O15="",N15,O15)) | Q15: =IF(A15="","",INDEX('Task Library'!$F$7:$F$45,MATCH(A15,'Task Library'!$A$7:$A$45,0))) | S15: =IF(Q15="","",IF(R15="",Q15,R15)) | T15: =IF(A15="","",INDEX('Task Library'!$G$7:$G$45,MATCH(A15,'Task Library'!$A$7:$A$45,0))) | V15: =IF(T15="","",IF(U15="",T15,U15)) | W15: =IF(A15="","",INDEX('Task Library'!$H$7:$H$45,MATCH(A15,'Task Library'!$A$7:$A$45,0))) | Y15: =IF(W15="","",IF(X15="",W15,X15)) | Z15: =IF(OR(C15="",D15="",D15<C15),"",SUMPRODUCT((('Date Engine'!$A$7:$A$5850>=C15)*('Date Engine'!$A$7:$A$5850<=D15)*'Date Engine'!$G$7:$G$5850))) | AA15: =IFERROR(SUMPRODUCT((('Date Engine'!$A$7:$A$5850>=C15)*('Date Engine'!$A$7:$A$5850<=D15)*'Date Engine'!$G$7:$G$5850)*'Date Engine'!$H$7:$H$5850)/SUMPRODUCT((('Date Engine'!$A$7:$A$5850>=C15)*('Date Engine'!$A$7:$A$5850<=D15)*'Date Engine'!$G$7:$G$5850)),"") | AB15: =IF(AA15="","",MIN(1,AA15*$B$3)) | AC15: =IF($D$3<>"",$D$3,IFERROR(SUMPRODUCT((('Date Engine'!$A$7:$A$5850>=C15)*('Date Engine'!$A$7:$A$5850<=D15)*'Date Engine'!$G$7:$G$5850)*'Date Engine'!$J$7:$J$5850)/SUMPRODUCT((('Date Engine'!$A$7:$A$5850>=C15)*('Date Engine'!$A$7:$A$5850<=D15)*'Date Engine'!$G$7:$G$5850)),0)) -> 0 | AD15: =IF(OR(AB15="",J15="",M15="",Y15=""),"",AB15*J15*M15*Y15) | AE15: =IF(OR(AB15="",P15="",Y15=""),"",AB15*P15*Y15) | AF15: =IF(OR(S15="",V15="",Y15=""),"",AC15*S15*V15*Y15) | AG15: =IF(A15="","",MIN(1,AD15+AE15+AF15)) | AH15: =IF(A15="","",(F15+G15)*AG15) | AI15: =IF(OR(A15="",Z15=""),"",Z15*AG15) | AJ15: =IF(A15="","",IF(E15="Yes",AI15,0)) | AK15: =IF(A15="","",IF(OR(C15<DATE(2025,1,1),D15>DATE(2040,12,31),D15<C15),"RED - date input",IF(AND(S15>=20%,AC15=0),"RED - wind input",IF($B$3<>1,"AMBER - local factor requires basis","AMBER - task factors uncalibrated"))))
B16: =IF(A16="","",INDEX('Task Library'!$B$7:$B$45,MATCH(A16,'Task Library'!$A$7:$A$45,0))) | E16: No | H16: =IF(A16="","",INDEX('Task Library'!$C$7:$C$45,MATCH(A16,'Task Library'!$A$7:$A$45,0))) | J16: =IF(H16="","",IF(I16="",H16,I16)) | K16: =IF(A16="","",INDEX('Task Library'!$D$7:$D$45,MATCH(A16,'Task Library'!$A$7:$A$45,0))) | M16: =IF(K16="","",IF(L16="",K16,L16)) | N16: =IF(A16="","",INDEX('Task Library'!$E$7:$E$45,MATCH(A16,'Task Library'!$A$7:$A$45,0))) | P16: =IF(N16="","",IF(O16="",N16,O16)) | Q16: =IF(A16="","",INDEX('Task Library'!$F$7:$F$45,MATCH(A16,'Task Library'!$A$7:$A$45,0))) | S16: =IF(Q16="","",IF(R16="",Q16,R16)) | T16: =IF(A16="","",INDEX('Task Library'!$G$7:$G$45,MATCH(A16,'Task Library'!$A$7:$A$45,0))) | V16: =IF(T16="","",IF(U16="",T16,U16)) | W16: =IF(A16="","",INDEX('Task Library'!$H$7:$H$45,MATCH(A16,'Task Library'!$A$7:$A$45,0))) | Y16: =IF(W16="","",IF(X16="",W16,X16)) | Z16: =IF(OR(C16="",D16="",D16<C16),"",SUMPRODUCT((('Date Engine'!$A$7:$A$5850>=C16)*('Date Engine'!$A$7:$A$5850<=D16)*'Date Engine'!$G$7:$G$5850))) | AA16: =IFERROR(SUMPRODUCT((('Date Engine'!$A$7:$A$5850>=C16)*('Date Engine'!$A$7:$A$5850<=D16)*'Date Engine'!$G$7:$G$5850)*'Date Engine'!$H$7:$H$5850)/SUMPRODUCT((('Date Engine'!$A$7:$A$5850>=C16)*('Date Engine'!$A$7:$A$5850<=D16)*'Date Engine'!$G$7:$G$5850)),"") | AB16: =IF(AA16="","",MIN(1,AA16*$B$3)) | AC16: =IF($D$3<>"",$D$3,IFERROR(SUMPRODUCT((('Date Engine'!$A$7:$A$5850>=C16)*('Date Engine'!$A$7:$A$5850<=D16)*'Date Engine'!$G$7:$G$5850)*'Date Engine'!$J$7:$J$5850)/SUMPRODUCT((('Date Engine'!$A$7:$A$5850>=C16)*('Date Engine'!$A$7:$A$5850<=D16)*'Date Engine'!$G$7:$G$5850)),0)) -> 0 | AD16: =IF(OR(AB16="",J16="",M16="",Y16=""),"",AB16*J16*M16*Y16) | AE16: =IF(OR(AB16="",P16="",Y16=""),"",AB16*P16*Y16) | AF16: =IF(OR(S16="",V16="",Y16=""),"",AC16*S16*V16*Y16) | AG16: =IF(A16="","",MIN(1,AD16+AE16+AF16)) | AH16: =IF(A16="","",(F16+G16)*AG16) | AI16: =IF(OR(A16="",Z16=""),"",Z16*AG16) | AJ16: =IF(A16="","",IF(E16="Yes",AI16,0)) | AK16: =IF(A16="","",IF(OR(C16<DATE(2025,1,1),D16>DATE(2040,12,31),D16<C16),"RED - date input",IF(AND(S16>=20%,AC16=0),"RED - wind input",IF($B$3<>1,"AMBER - local factor requires basis","AMBER - task factors uncalibrated"))))
B17: =IF(A17="","",INDEX('Task Library'!$B$7:$B$45,MATCH(A17,'Task Library'!$A$7:$A$45,0))) | E17: No | H17: =IF(A17="","",INDEX('Task Library'!$C$7:$C$45,MATCH(A17,'Task Library'!$A$7:$A$45,0))) | J17: =IF(H17="","",IF(I17="",H17,I17)) | K17: =IF(A17="","",INDEX('Task Library'!$D$7:$D$45,MATCH(A17,'Task Library'!$A$7:$A$45,0))) | M17: =IF(K17="","",IF(L17="",K17,L17)) | N17: =IF(A17="","",INDEX('Task Library'!$E$7:$E$45,MATCH(A17,'Task Library'!$A$7:$A$45,0))) | P17: =IF(N17="","",IF(O17="",N17,O17)) | Q17: =IF(A17="","",INDEX('Task Library'!$F$7:$F$45,MATCH(A17,'Task Library'!$A$7:$A$45,0))) | S17: =IF(Q17="","",IF(R17="",Q17,R17)) | T17: =IF(A17="","",INDEX('Task Library'!$G$7:$G$45,MATCH(A17,'Task Library'!$A$7:$A$45,0))) | V17: =IF(T17="","",IF(U17="",T17,U17)) | W17: =IF(A17="","",INDEX('Task Library'!$H$7:$H$45,MATCH(A17,'Task Library'!$A$7:$A$45,0))) | Y17: =IF(W17="","",IF(X17="",W17,X17)) | Z17: =IF(OR(C17="",D17="",D17<C17),"",SUMPRODUCT((('Date Engine'!$A$7:$A$5850>=C17)*('Date Engine'!$A$7:$A$5850<=D17)*'Date Engine'!$G$7:$G$5850))) | AA17: =IFERROR(SUMPRODUCT((('Date Engine'!$A$7:$A$5850>=C17)*('Date Engine'!$A$7:$A$5850<=D17)*'Date Engine'!$G$7:$G$5850)*'Date Engine'!$H$7:$H$5850)/SUMPRODUCT((('Date Engine'!$A$7:$A$5850>=C17)*('Date Engine'!$A$7:$A$5850<=D17)*'Date Engine'!$G$7:$G$5850)),"") | AB17: =IF(AA17="","",MIN(1,AA17*$B$3)) | AC17: =IF($D$3<>"",$D$3,IFERROR(SUMPRODUCT((('Date Engine'!$A$7:$A$5850>=C17)*('Date Engine'!$A$7:$A$5850<=D17)*'Date Engine'!$G$7:$G$5850)*'Date Engine'!$J$7:$J$5850)/SUMPRODUCT((('Date Engine'!$A$7:$A$5850>=C17)*('Date Engine'!$A$7:$A$5850<=D17)*'Date Engine'!$G$7:$G$5850)),0)) -> 0 | AD17: =IF(OR(AB17="",J17="",M17="",Y17=""),"",AB17*J17*M17*Y17) | AE17: =IF(OR(AB17="",P17="",Y17=""),"",AB17*P17*Y17) | AF17: =IF(OR(S17="",V17="",Y17=""),"",AC17*S17*V17*Y17) | AG17: =IF(A17="","",MIN(1,AD17+AE17+AF17)) | AH17: =IF(A17="","",(F17+G17)*AG17) | AI17: =IF(OR(A17="",Z17=""),"",Z17*AG17) | AJ17: =IF(A17="","",IF(E17="Yes",AI17,0)) | AK17: =IF(A17="","",IF(OR(C17<DATE(2025,1,1),D17>DATE(2040,12,31),D17<C17),"RED - date input",IF(AND(S17>=20%,AC17=0),"RED - wind input",IF($B$3<>1,"AMBER - local factor requires basis","AMBER - task factors uncalibrated"))))
B18: =IF(A18="","",INDEX('Task Library'!$B$7:$B$45,MATCH(A18,'Task Library'!$A$7:$A$45,0))) | E18: No | H18: =IF(A18="","",INDEX('Task Library'!$C$7:$C$45,MATCH(A18,'Task Library'!$A$7:$A$45,0))) | J18: =IF(H18="","",IF(I18="",H18,I18)) | K18: =IF(A18="","",INDEX('Task Library'!$D$7:$D$45,MATCH(A18,'Task Library'!$A$7:$A$45,0))) | M18: =IF(K18="","",IF(L18="",K18,L18)) | N18: =IF(A18="","",INDEX('Task Library'!$E$7:$E$45,MATCH(A18,'Task Library'!$A$7:$A$45,0))) | P18: =IF(N18="","",IF(O18="",N18,O18)) | Q18: =IF(A18="","",INDEX('Task Library'!$F$7:$F$45,MATCH(A18,'Task Library'!$A$7:$A$45,0))) | S18: =IF(Q18="","",IF(R18="",Q18,R18)) | T18: =IF(A18="","",INDEX('Task Library'!$G$7:$G$45,MATCH(A18,'Task Library'!$A$7:$A$45,0))) | V18: =IF(T18="","",IF(U18="",T18,U18)) | W18: =IF(A18="","",INDEX('Task Library'!$H$7:$H$45,MATCH(A18,'Task Library'!$A$7:$A$45,0))) | Y18: =IF(W18="","",IF(X18="",W18,X18)) | Z18: =IF(OR(C18="",D18="",D18<C18),"",SUMPRODUCT((('Date Engine'!$A$7:$A$5850>=C18)*('Date Engine'!$A$7:$A$5850<=D18)*'Date Engine'!$G$7:$G$5850))) | AA18: =IFERROR(SUMPRODUCT((('Date Engine'!$A$7:$A$5850>=C18)*('Date Engine'!$A$7:$A$5850<=D18)*'Date Engine'!$G$7:$G$5850)*'Date Engine'!$H$7:$H$5850)/SUMPRODUCT((('Date Engine'!$A$7:$A$5850>=C18)*('Date Engine'!$A$7:$A$5850<=D18)*'Date Engine'!$G$7:$G$5850)),"") | AB18: =IF(AA18="","",MIN(1,AA18*$B$3)) | AC18: =IF($D$3<>"",$D$3,IFERROR(SUMPRODUCT((('Date Engine'!$A$7:$A$5850>=C18)*('Date Engine'!$A$7:$A$5850<=D18)*'Date Engine'!$G$7:$G$5850)*'Date Engine'!$J$7:$J$5850)/SUMPRODUCT((('Date Engine'!$A$7:$A$5850>=C18)*('Date Engine'!$A$7:$A$5850<=D18)*'Date Engine'!$G$7:$G$5850)),0)) -> 0 | AD18: =IF(OR(AB18="",J18="",M18="",Y18=""),"",AB18*J18*M18*Y18) | AE18: =IF(OR(AB18="",P18="",Y18=""),"",AB18*P18*Y18) | AF18: =IF(OR(S18="",V18="",Y18=""),"",AC18*S18*V18*Y18) | AG18: =IF(A18="","",MIN(1,AD18+AE18+AF18)) | AH18: =IF(A18="","",(F18+G18)*AG18) | AI18: =IF(OR(A18="",Z18=""),"",Z18*AG18) | AJ18: =IF(A18="","",IF(E18="Yes",AI18,0)) | AK18: =IF(A18="","",IF(OR(C18<DATE(2025,1,1),D18>DATE(2040,12,31),D18<C18),"RED - date input",IF(AND(S18>=20%,AC18=0),"RED - wind input",IF($B$3<>1,"AMBER - local factor requires basis","AMBER - task factors uncalibrated"))))
... B36: =IF(A36="","",INDEX('Task Library'!$B$7:$B$45,MATCH(A36,'Task Library'!$A$7:$A$45,0))) | E36: No | H36: =IF(A36="","",INDEX('Task Library'!$C$7:$C$45,MATCH(A36,'Task Library'!$A$7:$A$45,0))) | J36: =IF(H36="","",IF(I36="",H36,I36)) | K36: =IF(A36="","",INDEX('Task Library'!$D$7:$D$45,MATCH(A36,'Task Library'!$A$7:$A$45,0))) | M36: =IF(K36="","",IF(L36="",K36,L36)) | N36: =IF(A36="","",INDEX('Task Library'!$E$7:$E$45,MATCH(A36,'Task Library'!$A$7:$A$45,0))) | P36: =IF(N36="","",IF(O36="",N36,O36)) | Q36: =IF(A36="","",INDEX('Task Library'!$F$7:$F$45,MATCH(A36,'Task Library'!$A$7:$A$45,0))) | S36: =IF(Q36="","",IF(R36="",Q36,R36)) | T36: =IF(A36="","",INDEX('Task Library'!$G$7:$G$45,MATCH(A36,'Task Library'!$A$7:$A$45,0))) | V36: =IF(T36="","",IF(U36="",T36,U36)) | W36: =IF(A36="","",INDEX('Task Library'!$H$7:$H$45,MATCH(A36,'Task Library'!$A$7:$A$45,0))) | Y36: =IF(W36="","",IF(X36="",W36,X36)) | Z36: =IF(OR(C36="",D36="",D36<C36),"",SUMPRODUCT((('Date Engine'!$A$7:$A$5850>=C36)*('Date Engine'!$A$7:$A$5850<=D36)*'Date Engine'!$G$7:$G$5850))) | AA36: =IFERROR(SUMPRODUCT((('Date Engine'!$A$7:$A$5850>=C36)*('Date Engine'!$A$7:$A$5850<=D36)*'Date Engine'!$G$7:$G$5850)*'Date Engine'!$H$7:$H$5850)/SUMPRODUCT((('Date Engine'!$A$7:$A$5850>=C36)*('Date Engine'!$A$7:$A$5850<=D36)*'Date Engine'!$G$7:$G$5850)),"") | AB36: =IF(AA36="","",MIN(1,AA36*$B$3)) | AC36: =IF($D$3<>"",$D$3,IFERROR(SUMPRODUCT((('Date Engine'!$A$7:$A$5850>=C36)*('Date Engine'!$A$7:$A$5850<=D36)*'Date Engine'!$G$7:$G$5850)*'Date Engine'!$J$7:$J$5850)/SUMPRODUCT((('Date Engine'!$A$7:$A$5850>=C36)*('Date Engine'!$A$7:$A$5850<=D36)*'Date Engine'!$G$7:$G$5850)),0)) -> 0 | AD36: =IF(OR(AB36="",J36="",M36="",Y36=""),"",AB36*J36*M36*Y36) | AE36: =IF(OR(AB36="",P36="",Y36=""),"",AB36*P36*Y36) | AF36: =IF(OR(S36="",V36="",Y36=""),"",AC36*S36*V36*Y36) | AG36: =IF(A36="","",MIN(1,AD36+AE36+AF36)) | AH36: =IF(A36="","",(F36+G36)*AG36) | AI36: =IF(OR(A36="",Z36=""),"",Z36*AG36) | AJ36: =IF(A36="","",IF(E36="Yes",AI36,0)) | AK36: =IF(A36="","",IF(OR(C36<DATE(2025,1,1),D36>DATE(2040,12,31),D36<C36),"RED - date input",IF(AND(S36>=20%,AC36=0),"RED - wind input",IF($B$3<>1,"AMBER - local factor requires basis","AMBER - task factors uncalibrated"))))
A38: Project Weather Summary | B38: Project Weather Summary | C38: Project Weather Summary | D38: Project Weather Summary | E38: Project Weather Summary | F38: Project Weather Summary | G38: Project Weather Summary | H38: Project Weather Summary
A39: Exposed labour + plant $ | B39: =SUM(F7:G36) -> 0 | D39: Use this summary in the estimate only after: 1. Activities and dates align with the live programme. 2. Critical Path = Yes reflects the real critical path, not every weather-sensitive task. 3. Labour and plant values include only weather-exposed cost pools. 4. RED inputs are resolved or expressly excluded. 5. AMBER task factors are disclosed and assigned a firm-up action.
A40: Direct productivity allowance $ | B40: =SUM(AH7:AH36) -> 0
A41: Suggested critical-path delay working days | B41: =SUM(AJ7:AJ36) -> 0
A42: Time-related preliminaries allowance $ | B42: =B41*$F$3 -> 0
A43: Additional billed hire weeks | B43: =IF(B41=0,0,ROUNDUP(B41/Estimator!$B$7,0)) -> 0
A44: Hire / facilities allowance $ | B44: =B43*$H$3 -> 0
A45: Project recovery / remediation allowance $ | B45: =$J$3 -> 0
A46: Total weather allowance $ | B46: =SUM(B40,B42,B44:B45) -> 0

Sheet Task Library
A1: Task Weather Sensitivity Library - Company Defaults | B1: Task Weather Sensitivity Library - Company Defaults | C1: Task Weather Sensitivity Library - Company Defaults | D1: Task Weather Sensitivity Library - Company Defaults | E1: Task Weather Sensitivity Library - Company Defaults | F1: Task Weather Sensitivity Library - Company Defaults | G1: Task Weather Sensitivity Library - Company Defaults | H1: Task Weather Sensitivity Library - Company Defaults | I1: Task Weather Sensitivity Library - Company Defaults | J1: Task Weather Sensitivity Library - Company Defaults | K1: Task Weather Sensitivity Library - Company Defaults | L1: Task Weather Sensitivity Library - Company Defaults | M1: Task Weather Sensitivity Library - Company Defaults | N1: Task Weather Sensitivity Library - Company Defaults | O1: Task Weather Sensitivity Library - Company Defaults
A3: These defaults are transparent company judgement, not NIWA facts. They remain AMBER until calibrated against actual project records and independently reviewed. Override only with a recorded job-specific basis. Wet-ground carryover is an equivalent lost-day fraction following each wet day, not a guaranteed shutdown.
A6: Task | B6: Category | C6: Rain Exposure | D6: Rain Productivity Loss | E6: Wet-Ground Carryover Eq. Days / Wet Day | F6: Wind Sensitivity | G6: Wind Productivity Loss | H6: Nonrecoverable Share | I6: Default Status | J6: Actual Records | K6: Calibration Status | L6: Original Basis Note | M6: Required Review Action | N6: Approved By | O6: Approved Date
A7: Site establishment / temp fencing | B7: Civil | C7: 0.35 | D7: 0.20 | E7: 0.02 | F7: 0.10 | G7: 0.20 | H7: 0.40 | I7: AMBER - company judgement | J7: =COUNTIF('Weather Log'!$D$7:$D$206,A7) -> 0 | K7: =IF(J7=0,"UNCALIBRATED",IF(J7<5,"PARTIAL - fewer than 5 records",IF(J7<10,"AMBER - 5 to 9 records","REVIEW FOR GREEN - 10+ records"))) -> UNCALIBRATED | L7: General outdoor set-up, usually partly workable. | M7: Calibrate from Weather Log and obtain estimator/PM approval before GREEN.
A8: Erosion & sediment controls | B8: Civil | C8: 0.85 | D8: 0.50 | E8: 0.08 | F8: 0.20 | G8: 0.50 | H8: 0.70 | I8: AMBER - company judgement | J8: =COUNTIF('Weather Log'!$D$7:$D$206,A8) -> 0 | K8: =IF(J8=0,"UNCALIBRATED",IF(J8<5,"PARTIAL - fewer than 5 records",IF(J8<10,"AMBER - 5 to 9 records","REVIEW FOR GREEN - 10+ records"))) -> UNCALIBRATED | L8: Often still required in wet weather, but slower and messier. | M8: Calibrate from Weather Log and obtain estimator/PM approval before GREEN.
A9: Bulk earthworks | B9: Civil | C9: 1.00 | D9: 0.70 | E9: 0.2 | F9: 0.15 | G9: 0.70 | H9: 0.85 | I9: AMBER - company judgement | J9: =COUNTIF('Weather Log'!$D$7:$D$206,A9) -> 0 | K9: =IF(J9=0,"UNCALIBRATED",IF(J9<5,"PARTIAL - fewer than 5 records",IF(J9<10,"AMBER - 5 to 9 records","REVIEW FOR GREEN - 10+ records"))) -> UNCALIBRATED | L9: Highly exposed to wet ground and access deterioration. | M9: Calibrate from Weather Log and obtain estimator/PM approval before GREEN.
A10: Detailed earthworks / trim subgrade | B10: Civil | C10: 1.00 | D10: 0.80 | E10: 0.25 | F10: 0.15 | G10: 0.80 | H10: 0.90 | I10: AMBER - company judgement | J10: =COUNTIF('Weather Log'!$D$7:$D$206,A10) -> 0 | K10: =IF(J10=0,"UNCALIBRATED",IF(J10<5,"PARTIAL - fewer than 5 records",IF(J10<10,"AMBER - 5 to 9 records","REVIEW FOR GREEN - 10+ records"))) -> UNCALIBRATED | L10: Fine tolerances make wet conditions painful. | M10: Calibrate from Weather Log and obtain estimator/PM approval before GREEN.
A11: Cut to fill / cartage | B11: Civil | C11: 0.95 | D11: 0.65 | E11: 0.15 | F11: 0.10 | G11: 0.65 | H11: 0.80 | I11: AMBER - company judgement | J11: =COUNTIF('Weather Log'!$D$7:$D$206,A11) -> 0 | K11: =IF(J11=0,"UNCALIBRATED",IF(J11<5,"PARTIAL - fewer than 5 records",IF(J11<10,"AMBER - 5 to 9 records","REVIEW FOR GREEN - 10+ records"))) -> UNCALIBRATED | L11: Wet haul roads and loaded traffic slow the whole chain. | M11: Calibrate from Weather Log and obtain estimator/PM approval before GREEN.
A12: Building platform / pad prep | B12: Civil | C12: 0.95 | D12: 0.75 | E12: 0.2 | F12: 0.10 | G12: 0.75 | H12: 0.85 | I12: AMBER - company judgement | J12: =COUNTIF('Weather Log'!$D$7:$D$206,A12) -> 0 | K12: =IF(J12=0,"UNCALIBRATED",IF(J12<5,"PARTIAL - fewer than 5 records",IF(J12<10,"AMBER - 5 to 9 records","REVIEW FOR GREEN - 10+ records"))) -> UNCALIBRATED | L12: Moisture condition and compaction control matter. | M12: Calibrate from Weather Log and obtain estimator/PM approval before GREEN.
A13: Drainage trenching | B13: Civil | C13: 0.95 | D13: 0.65 | E13: 0.15 | F13: 0.10 | G13: 0.65 | H13: 0.80 | I13: AMBER - company judgement | J13: =COUNTIF('Weather Log'!$D$7:$D$206,A13) -> 0 | K13: =IF(J13=0,"UNCALIBRATED",IF(J13<5,"PARTIAL - fewer than 5 records",IF(J13<10,"AMBER - 5 to 9 records","REVIEW FOR GREEN - 10+ records"))) -> UNCALIBRATED | L13: Water ingress, slumping, and access issues. | M13: Calibrate from Weather Log and obtain estimator/PM approval before GREEN.
A14: Manholes / chambers | B14: Civil | C14: 0.90 | D14: 0.60 | E14: 0.08 | F14: 0.05 | G14: 0.60 | H14: 0.75 | I14: AMBER - company judgement | J14: =COUNTIF('Weather Log'!$D$7:$D$206,A14) -> 0 | K14: =IF(J14=0,"UNCALIBRATED",IF(J14<5,"PARTIAL - fewer than 5 records",IF(J14<10,"AMBER - 5 to 9 records","REVIEW FOR GREEN - 10+ records"))) -> UNCALIBRATED | L14: Less affected than open trench runs, but still exposed. | M14: Calibrate from Weather Log and obtain estimator/PM approval before GREEN.
A15: Service trenches / ducting | B15: Civil | C15: 0.90 | D15: 0.60 | E15: 0.1 | F15: 0.10 | G15: 0.60 | H15: 0.75 | I15: AMBER - company judgement | J15: =COUNTIF('Weather Log'!$D$7:$D$206,A15) -> 0 | K15: =IF(J15=0,"UNCALIBRATED",IF(J15<5,"PARTIAL - fewer than 5 records",IF(J15<10,"AMBER - 5 to 9 records","REVIEW FOR GREEN - 10+ records"))) -> UNCALIBRATED | L15: Small but still sensitive to rain and reinstatement. | M15: Calibrate from Weather Log and obtain estimator/PM approval before GREEN.
A16: Bored piles / drilled holes | B16: Civil | C16: 1.00 | D16: 0.70 | E16: 0.15 | F16: 0.15 | G16: 0.70 | H16: 0.85 | I16: AMBER - company judgement | J16: =COUNTIF('Weather Log'!$D$7:$D$206,A16) -> 0 | K16: =IF(J16=0,"UNCALIBRATED",IF(J16<5,"PARTIAL - fewer than 5 records",IF(J16<10,"AMBER - 5 to 9 records","REVIEW FOR GREEN - 10+ records"))) -> UNCALIBRATED | L16: Wet ground and hole stability are key risks. | M16: Calibrate from Weather Log and obtain estimator/PM approval before GREEN.
A17: Driven poles / posts | B17: Civil | C17: 0.95 | D17: 0.60 | E17: 0.05 | F17: 0.20 | G17: 0.60 | H17: 0.80 | I17: AMBER - company judgement | J17: =COUNTIF('Weather Log'!$D$7:$D$206,A17) -> 0 | K17: =IF(J17=0,"UNCALIBRATED",IF(J17<5,"PARTIAL - fewer than 5 records",IF(J17<10,"AMBER - 5 to 9 records","REVIEW FOR GREEN - 10+ records"))) -> UNCALIBRATED | L17: Weather affects access and standing time. | M17: Calibrate from Weather Log and obtain estimator/PM approval before GREEN.
A18: Retaining wall excavation | B18: Civil | C18: 0.95 | D18: 0.70 | E18: 0.15 | F18: 0.10 | G18: 0.70 | H18: 0.85 | I18: AMBER - company judgement | J18: =COUNTIF('Weather Log'!$D$7:$D$206,A18) -> 0 | K18: =IF(J18=0,"UNCALIBRATED",IF(J18<5,"PARTIAL - fewer than 5 records",IF(J18<10,"AMBER - 5 to 9 records","REVIEW FOR GREEN - 10+ records"))) -> UNCALIBRATED | L18: Slope and spoil handling usually worsen in the wet. | M18: Calibrate from Weather Log and obtain estimator/PM approval before GREEN.
... A45: Workshop fabrication / sheltered prep | B45: Building | C45: 0.10 | D45: 0.08 | E45: 0 | F45: 0.02 | G45: 0.08 | H45: 0.20 | I45: AMBER - company judgement | J45: =COUNTIF('Weather Log'!$D$7:$D$206,A45) -> 0 | K45: =IF(J45=0,"UNCALIBRATED",IF(J45<5,"PARTIAL - fewer than 5 records",IF(J45<10,"AMBER - 5 to 9 records","REVIEW FOR GREEN - 10+ records"))) -> UNCALIBRATED | L45: Low but not zero. | M45: Calibrate from Weather Log and obtain estimator/PM approval before GREEN.

Sheet Climate Data
A1: NIWA Climate Data - 1991-2020 Normals | B1: NIWA Climate Data - 1991-2020 Normals | C1: NIWA Climate Data - 1991-2020 Normals | D1: NIWA Climate Data - 1991-2020 Normals | E1: NIWA Climate Data - 1991-2020 Normals | F1: NIWA Climate Data - 1991-2020 Normals | G1: NIWA Climate Data - 1991-2020 Normals | H1: NIWA Climate Data - 1991-2020 Normals | I1: NIWA Climate Data - 1991-2020 Normals | J1: NIWA Climate Data - 1991-2020 Normals
A3: Official NIWA mean monthly wet days and rainfall. Daily wet-day probability is calculated as mean wet days divided by normal calendar days. A wet day is 1 mm or more of rain; it is not automatically a lost construction day.
A6: Location | B6: Month # | C6: Month | D6: Mean Wet Days >=1 mm | E6: Mean Rainfall (mm) | F6: Normal Calendar Days | G6: Daily Wet-Day Probability | H6: Mean Rain per Wet Day (mm) | I6: Source Period | J6: Evidence Status
A7: Kaitaia | B7: 1 | C7: Jan | D7: 6.1363636 | E7: 75 | F7: 31 | G7: =IFERROR(D7/F7,0) -> 0.19794721 | H7: =IFERROR(E7/D7,0) -> 12.222222 | I7: 1991-2020 | J7: GREEN - official NIWA normal
A8: Kaitaia | B8: 2 | C8: Feb | D8: 6.5 | E8: 86 | F8: 28.266667 | G8: =IFERROR(D8/F8,0) -> 0.22995283 | H8: =IFERROR(E8/D8,0) -> 13.230769 | I8: 1991-2020 | J8: GREEN - official NIWA normal
A9: Kaitaia | B9: 3 | C9: Mar | D9: 7.5909091 | E9: 84.7 | F9: 31 | G9: =IFERROR(D9/F9,0) -> 0.24486804 | H9: =IFERROR(E9/D9,0) -> 11.158084 | I9: 1991-2020 | J9: GREEN - official NIWA normal
A10: Kaitaia | B10: 4 | C10: Apr | D10: 10.090909 | E10: 98.8 | F10: 30 | G10: =IFERROR(D10/F10,0) -> 0.33636364 | H10: =IFERROR(E10/D10,0) -> 9.790991 | I10: 1991-2020 | J10: GREEN - official NIWA normal
A11: Kaitaia | B11: 5 | C11: May | D11: 13.227273 | E11: 130.5 | F11: 31 | G11: =IFERROR(D11/F11,0) -> 0.42668622 | H11: =IFERROR(E11/D11,0) -> 9.8659794 | I11: 1991-2020 | J11: GREEN - official NIWA normal
A12: Kaitaia | B12: 6 | C12: Jun | D12: 14.681818 | E12: 149.9 | F12: 30 | G12: =IFERROR(D12/F12,0) -> 0.48939394 | H12: =IFERROR(E12/D12,0) -> 10.209907 | I12: 1991-2020 | J12: GREEN - official NIWA normal
A13: Kaitaia | B13: 7 | C13: Jul | D13: 15.863636 | E13: 168.1 | F13: 31 | G13: =IFERROR(D13/F13,0) -> 0.51173021 | H13: =IFERROR(E13/D13,0) -> 10.596562 | I13: 1991-2020 | J13: GREEN - official NIWA normal
A14: Kaitaia | B14: 8 | C14: Aug | D14: 15.5 | E14: 137 | F14: 31 | G14: =IFERROR(D14/F14,0) -> 0.5 | H14: =IFERROR(E14/D14,0) -> 8.8387097 | I14: 1991-2020 | J14: GREEN - official NIWA normal
A15: Kaitaia | B15: 9 | C15: Sep | D15: 12.772727 | E15: 121.7 | F15: 30 | G15: =IFERROR(D15/F15,0) -> 0.42575758 | H15: =IFERROR(E15/D15,0) -> 9.5281139 | I15: 1991-2020 | J15: GREEN - official NIWA normal
A16: Kaitaia | B16: 10 | C16: Oct | D16: 10.363636 | E16: 90.4 | F16: 31 | G16: =IFERROR(D16/F16,0) -> 0.33431085 | H16: =IFERROR(E16/D16,0) -> 8.722807 | I16: 1991-2020 | J16: GREEN - official NIWA normal
A17: Kaitaia | B17: 11 | C17: Nov | D17: 9.2272727 | E17: 76.3 | F17: 30 | G17: =IFERROR(D17/F17,0) -> 0.30757576 | H17: =IFERROR(E17/D17,0) -> 8.2689655 | I17: 1991-2020 | J17: GREEN - official NIWA normal
A18: Kaitaia | B18: 12 | C18: Dec | D18: 9.8636364 | E18: 101.6 | F18: 31 | G18: =IFERROR(D18/F18,0) -> 0.31818182 | H18: =IFERROR(E18/D18,0) -> 10.300461 | I18: 1991-2020 | J18: GREEN - official NIWA normal
... A366: Chatham Islands | B366: 12 | C366: Dec | D366: 10.125 | E366: 62.9 | F366: 31 | G366: =IFERROR(D366/F366,0) -> 0.3266129 | H366: =IFERROR(E366/D366,0) -> 6.2123457 | I366: 1991-2020 | J366: GREEN - official NIWA normal

Sheet Station Register
A1: NIWA Station Register - 1991-2020 Climate Normals | B1: NIWA Station Register - 1991-2020 Climate Normals | C1: NIWA Station Register - 1991-2020 Climate Normals | D1: NIWA Station Register - 1991-2020 Climate Normals | E1: NIWA Station Register - 1991-2020 Climate Normals | F1: NIWA Station Register - 1991-2020 Climate Normals | G1: NIWA Station Register - 1991-2020 Climate Normals | H1: NIWA Station Register - 1991-2020 Climate Normals
A3: Use the nearest representative station, then record any local site factor and its basis. Rainfall and wet-day station records are shown separately where NIWA used different stations.
A6: Location Selector | B6: Rain Station | C6: Rain Network | D6: Wet-Day Station | E6: Wet-Day Network | F6: Latitude | G6: Longitude | H6: Height (m)
A7: Kaitaia | B7: Kaitaia Ews | C7: A53127 | D7: Kaitaia Ews | E7: A53127 | F7: -35.13352 | G7: 173.26294 | H7: 85
A8: Whangarei | B8: Whangarei Aero Aws | C8: A54737 | D8: Whangarei Aero Aws | E8: A54737 | F8: -35.77062 | G8: 174.36285 | H8: 37
A9: Auckland | B9: Auckland Aero | C9: C74082 | D9: Auckland Aero | E9: C74082 | F9: -37.00813 | G9: 174.78873 | H9: 7
A10: Tauranga | B10: Tauranga Aero Aws | C10: B76624 | D10: Tauranga Aero Aws | E10: B76624 | F10: -37.675 | G10: 176.192 | H10: 2
A11: Hamilton | B11: Hamilton, Ruakura 2 Ews | C11: C75734 | D11: Hamilton, Ruakura 2 Ews | E11: C75734 | F11: -37.77389 | G11: 175.30517 | H11: 45
A12: Rotorua | B12: Rotorua Aero Aws | C12: B86133 | D12: Rotorua Aero Aws | E12: B86133 | F12: -38.10592 | G12: 176.31481 | H12: 286
A13: Gisborne | B13: Gisborne Ews | C13: D87697 | D13: Gisborne Aero Aws | E13: D87695 | F13: -38.6586 | G13: 177.98513 | H13: 5
A14: Taupo | B14: Taupo Aero Aws | C14: B86704 | D14: Taupo Aero Aws | E14: B86704 | F14: -38.74252 | G14: 176.08105 | H14: 402
A15: New Plymouth | B15: New Plymouth Aero Aws | C15: C94012 | D15: New Plymouth Aero Aws | E15: C94012 | F15: -39.00786 | G15: 174.18382 | H15: 28
A16: Napier | B16: Napier Aero Aws | C16: D96484 | D16: Napier Aero Aws | E16: D96484 | F16: -39.47033 | G16: 176.86463 | H16: 3
A17: Whanganui | B17: Whanganui, Spriggens Park Ews | C17: E95902 | D17: Whanganui, Spriggens Park Ews | E17: E95902 | F17: -39.93704 | G17: 175.04509 | H17: 15
A18: Palmerston North | B18: Palmerston North Ews | C18: E0536D | D18: Palmerston North Ews | E18: E0536D | F18: -40.38195 | G18: 175.60915 | H18: 21
... A36: Chatham Islands | B36: Chatham Island Aero Aws | C36: K98617 | D36: Chatham Island Aero Aws | E36: K98617 | F36: -43.81676 | G36: -176.47502 | H36: 12

Sheet Wind Proxy
A1: Auckland Wind-Day Proxy - Optional and AMBER | B1: Auckland Wind-Day Proxy - Optional and AMBER | C1: Auckland Wind-Day Proxy - Optional and AMBER | D1: Auckland Wind-Day Proxy - Optional and AMBER | E1: Auckland Wind-Day Proxy - Optional and AMBER | F1: Auckland Wind-Day Proxy - Optional and AMBER | G1: Auckland Wind-Day Proxy - Optional and AMBER | H1: Auckland Wind-Day Proxy - Optional and AMBER | I1: Auckland Wind-Day Proxy - Optional and AMBER | J1: Auckland Wind-Day Proxy - Optional and AMBER
A3: This is not a current 1991-2020 monthly wind-day normal. It is an explicit proxy for Auckland only: NIWA reports 55 days/year with gusts above 63 km/h at Auckland Airport. Those days are distributed by NIWA's seasonal share of strong winds and normalised to 100%. Use only where the task threshold is comparable, or enter a project-specific wind probability override.
A7: Location | B7: Month # | C7: Month | D7: Season | E7: Season Share | F7: Annual Gust Days >63 km/h | G7: Proxy Days in Month | H7: Daily Wind Event Probability | I7: Status | J7: Basis
A8: Auckland | B8: 1 | C8: Jan | D8: Summer | E8: 0.21 | F8: 55 | G8: =F8*(E8/SUM($E$8,$E$11,$E$14,$E$17))/3 -> 3.8888889 | H8: =G8/SUMIFS('Climate Data'!$F$7:$F$366,'Climate Data'!$A$7:$A$366,A8,'Climate Data'!$B$7:$B$366,B8) -> 0.12544803 | I8: AMBER - legacy proxy | J8: Inference: 55 annual gust days allocated using seasonal strong-wind shares; not direct monthly observations.
A9: Auckland | B9: 2 | C9: Feb | D9: Summer | E9: 0.21 | F9: 55 | G9: =F9*(E9/SUM($E$8,$E$11,$E$14,$E$17))/3 -> 3.8888889 | H9: =G9/SUMIFS('Climate Data'!$F$7:$F$366,'Climate Data'!$A$7:$A$366,A9,'Climate Data'!$B$7:$B$366,B9) -> 0.13757862 | I9: AMBER - legacy proxy | J9: Inference: 55 annual gust days allocated using seasonal strong-wind shares; not direct monthly observations.
A10: Auckland | B10: 3 | C10: Mar | D10: Autumn | E10: 0.19 | F10: 55 | G10: =F10*(E10/SUM($E$8,$E$11,$E$14,$E$17))/3 -> 3.5185185 | H10: =G10/SUMIFS('Climate Data'!$F$7:$F$366,'Climate Data'!$A$7:$A$366,A10,'Climate Data'!$B$7:$B$366,B10) -> 0.1135006 | I10: AMBER - legacy proxy | J10: Inference: 55 annual gust days allocated using seasonal strong-wind shares; not direct monthly observations.
A11: Auckland | B11: 4 | C11: Apr | D11: Autumn | E11: 0.19 | F11: 55 | G11: =F11*(E11/SUM($E$8,$E$11,$E$14,$E$17))/3 -> 3.5185185 | H11: =G11/SUMIFS('Climate Data'!$F$7:$F$366,'Climate Data'!$A$7:$A$366,A11,'Climate Data'!$B$7:$B$366,B11) -> 0.11728395 | I11: AMBER - legacy proxy | J11: Inference: 55 annual gust days allocated using seasonal strong-wind shares; not direct monthly observations.
A12: Auckland | B12: 5 | C12: May | D12: Autumn | E12: 0.19 | F12: 55 | G12: =F12*(E12/SUM($E$8,$E$11,$E$14,$E$17))/3 -> 3.5185185 | H12: =G12/SUMIFS('Climate Data'!$F$7:$F$366,'Climate Data'!$A$7:$A$366,A12,'Climate Data'!$B$7:$B$366,B12) -> 0.1135006 | I12: AMBER - legacy proxy | J12: Inference: 55 annual gust days allocated using seasonal strong-wind shares; not direct monthly observations.
A13: Auckland | B13: 6 | C13: Jun | D13: Winter | E13: 0.23 | F13: 55 | G13: =F13*(E13/SUM($E$8,$E$11,$E$14,$E$17))/3 -> 4.2592593 | H13: =G13/SUMIFS('Climate Data'!$F$7:$F$366,'Climate Data'!$A$7:$A$366,A13,'Climate Data'!$B$7:$B$366,B13) -> 0.14197531 | I13: AMBER - legacy proxy | J13: Inference: 55 annual gust days allocated using seasonal strong-wind shares; not direct monthly observations.
A14: Auckland | B14: 7 | C14: Jul | D14: Winter | E14: 0.23 | F14: 55 | G14: =F14*(E14/SUM($E$8,$E$11,$E$14,$E$17))/3 -> 4.2592593 | H14: =G14/SUMIFS('Climate Data'!$F$7:$F$366,'Climate Data'!$A$7:$A$366,A14,'Climate Data'!$B$7:$B$366,B14) -> 0.13739546 | I14: AMBER - legacy proxy | J14: Inference: 55 annual gust days allocated using seasonal strong-wind shares; not direct monthly observations.
A15: Auckland | B15: 8 | C15: Aug | D15: Winter | E15: 0.23 | F15: 55 | G15: =F15*(E15/SUM($E$8,$E$11,$E$14,$E$17))/3 -> 4.2592593 | H15: =G15/SUMIFS('Climate Data'!$F$7:$F$366,'Climate Data'!$A$7:$A$366,A15,'Climate Data'!$B$7:$B$366,B15) -> 0.13739546 | I15: AMBER - legacy proxy | J15: Inference: 55 annual gust days allocated using seasonal strong-wind shares; not direct monthly observations.
A16: Auckland | B16: 9 | C16: Sep | D16: Spring | E16: 0.36 | F16: 55 | G16: =F16*(E16/SUM($E$8,$E$11,$E$14,$E$17))/3 -> 6.6666667 | H16: =G16/SUMIFS('Climate Data'!$F$7:$F$366,'Climate Data'!$A$7:$A$366,A16,'Climate Data'!$B$7:$B$366,B16) -> 0.22222222 | I16: AMBER - legacy proxy | J16: Inference: 55 annual gust days allocated using seasonal strong-wind shares; not direct monthly observations.
A17: Auckland | B17: 10 | C17: Oct | D17: Spring | E17: 0.36 | F17: 55 | G17: =F17*(E17/SUM($E$8,$E$11,$E$14,$E$17))/3 -> 6.6666667 | H17: =G17/SUMIFS('Climate Data'!$F$7:$F$366,'Climate Data'!$A$7:$A$366,A17,'Climate Data'!$B$7:$B$366,B17) -> 0.21505376 | I17: AMBER - legacy proxy | J17: Inference: 55 annual gust days allocated using seasonal strong-wind shares; not direct monthly observations.
A18: Auckland | B18: 11 | C18: Nov | D18: Spring | E18: 0.36 | F18: 55 | G18: =F18*(E18/SUM($E$8,$E$11,$E$14,$E$17))/3 -> 6.6666667 | H18: =G18/SUMIFS('Climate Data'!$F$7:$F$366,'Climate Data'!$A$7:$A$366,A18,'Climate Data'!$B$7:$B$366,B18) -> 0.22222222 | I18: AMBER - legacy proxy | J18: Inference: 55 annual gust days allocated using seasonal strong-wind shares; not direct monthly observations.
A19: Auckland | B19: 12 | C19: Dec | D19: Summer | E19: 0.21 | F19: 55 | G19: =F19*(E19/SUM($E$8,$E$11,$E$14,$E$17))/3 -> 3.8888889 | H19: =G19/SUMIFS('Climate Data'!$F$7:$F$366,'Climate Data'!$A$7:$A$366,A19,'Climate Data'!$B$7:$B$366,B19) -> 0.12544803 | I19: AMBER - legacy proxy | J19: Inference: 55 annual gust days allocated using seasonal strong-wind shares; not direct monthly observations.

Sheet Weather Log
A1: Actual Project Weather Log - Calibration Evidence | B1: Actual Project Weather Log - Calibration Evidence | C1: Actual Project Weather Log - Calibration Evidence | D1: Actual Project Weather Log - Calibration Evidence | E1: Actual Project Weather Log - Calibration Evidence | F1: Actual Project Weather Log - Calibration Evidence | G1: Actual Project Weather Log - Calibration Evidence | H1: Actual Project Weather Log - Calibration Evidence | I1: Actual Project Weather Log - Calibration Evidence | J1: Actual Project Weather Log - Calibration Evidence | K1: Actual Project Weather Log - Calibration Evidence | L1: Actual Project Weather Log - Calibration Evidence | M1: Actual Project Weather Log - Calibration Evidence | N1: Actual Project Weather Log - Calibration Evidence | O1: Actual Project Weather Log - Calibration Evidence
A3: Record actual planned and lost crew hours by cause. Do not rewrite Task Library defaults automatically; review the evidence, normalise the job context, then approve any update under change control.
A6: Project ID | B6: Date | C6: Location | D6: Task | E6: Planned Crew Hours | F6: Lost Hours - Rain | G6: Lost Hours - Wet Ground | H6: Lost Hours - Wind | I6: Recovered / Resequenced Hours | J6: Net Lost Hours | K6: Programme Delay Hours | L6: Direct Cost Impact $ | M6: Evidence / Daily Record | N6: Notes | O6: Reviewed By
J7: =IF(E7="","",MAX(0,F7+G7+H7-I7))
J8: =IF(E8="","",MAX(0,F8+G8+H8-I8))
J9: =IF(E9="","",MAX(0,F9+G9+H9-I9))
J10: =IF(E10="","",MAX(0,F10+G10+H10-I10))
J11: =IF(E11="","",MAX(0,F11+G11+H11-I11))
J12: =IF(E12="","",MAX(0,F12+G12+H12-I12))
J13: =IF(E13="","",MAX(0,F13+G13+H13-I13))
J14: =IF(E14="","",MAX(0,F14+G14+H14-I14))
J15: =IF(E15="","",MAX(0,F15+G15+H15-I15))
J16: =IF(E16="","",MAX(0,F16+G16+H16-I16))
J17: =IF(E17="","",MAX(0,F17+G17+H17-I17))
J18: =IF(E18="","",MAX(0,F18+G18+H18-I18))
... J206: =IF(E206="","",MAX(0,F206+G206+H206-I206))

Sheet Calibration Summary
A1: Weather Calibration Summary by Task | B1: Weather Calibration Summary by Task | C1: Weather Calibration Summary by Task | D1: Weather Calibration Summary by Task | E1: Weather Calibration Summary by Task | F1: Weather Calibration Summary by Task | G1: Weather Calibration Summary by Task | H1: Weather Calibration Summary by Task | I1: Weather Calibration Summary by Task | J1: Weather Calibration Summary by Task | K1: Weather Calibration Summary by Task | L1: Weather Calibration Summary by Task | M1: Weather Calibration Summary by Task
A3: Observed records improve the company defaults, but record count alone does not make a factor GREEN. Review project comparability, causes, recovery, crew composition and independent evidence before approving a library change.
A6: Task | B6: Category | C6: Records | D6: Planned Hours | E6: Rain Lost Hours | F6: Wet-Ground Lost Hours | G6: Wind Lost Hours | H6: Recovered Hours | I6: Net Lost Hours | J6: Observed Net Loss % | K6: Programme Delay Hours | L6: Calibration Status | M6: Action
A7: Site establishment / temp fencing | B7: Civil | C7: =COUNTIF('Weather Log'!$D$7:$D$206,A7) -> 0 | D7: =SUMIF('Weather Log'!$D$7:$D$206,A7,'Weather Log'!$E$7:$E$206) -> 0 | E7: =SUMIF('Weather Log'!$D$7:$D$206,A7,'Weather Log'!$F$7:$F$206) -> 0 | F7: =SUMIF('Weather Log'!$D$7:$D$206,A7,'Weather Log'!$G$7:$G$206) -> 0 | G7: =SUMIF('Weather Log'!$D$7:$D$206,A7,'Weather Log'!$H$7:$H$206) -> 0 | H7: =SUMIF('Weather Log'!$D$7:$D$206,A7,'Weather Log'!$I$7:$I$206) -> 0 | I7: =SUMIF('Weather Log'!$D$7:$D$206,A7,'Weather Log'!$J$7:$J$206) -> 0 | J7: =IFERROR(I7/D7,0) -> 0 | K7: =SUMIF('Weather Log'!$D$7:$D$206,A7,'Weather Log'!$K$7:$K$206) -> 0 | L7: =IF(C7=0,"UNCALIBRATED",IF(C7<5,"PARTIAL - fewer than 5 records",IF(C7<10,"AMBER - 5 to 9 records","REVIEW FOR GREEN - 10+ records"))) -> UNCALIBRATED | M7: =IF(C7=0,"Collect actual project records",IF(C7<10,"Continue collecting and review outliers","Estimator/PM review plus independent benchmark required")) -> Collect actual project records
A8: Erosion & sediment controls | B8: Civil | C8: =COUNTIF('Weather Log'!$D$7:$D$206,A8) -> 0 | D8: =SUMIF('Weather Log'!$D$7:$D$206,A8,'Weather Log'!$E$7:$E$206) -> 0 | E8: =SUMIF('Weather Log'!$D$7:$D$206,A8,'Weather Log'!$F$7:$F$206) -> 0 | F8: =SUMIF('Weather Log'!$D$7:$D$206,A8,'Weather Log'!$G$7:$G$206) -> 0 | G8: =SUMIF('Weather Log'!$D$7:$D$206,A8,'Weather Log'!$H$7:$H$206) -> 0 | H8: =SUMIF('Weather Log'!$D$7:$D$206,A8,'Weather Log'!$I$7:$I$206) -> 0 | I8: =SUMIF('Weather Log'!$D$7:$D$206,A8,'Weather Log'!$J$7:$J$206) -> 0 | J8: =IFERROR(I8/D8,0) -> 0 | K8: =SUMIF('Weather Log'!$D$7:$D$206,A8,'Weather Log'!$K$7:$K$206) -> 0 | L8: =IF(C8=0,"UNCALIBRATED",IF(C8<5,"PARTIAL - fewer than 5 records",IF(C8<10,"AMBER - 5 to 9 records","REVIEW FOR GREEN - 10+ records"))) -> UNCALIBRATED | M8: =IF(C8=0,"Collect actual project records",IF(C8<10,"Continue collecting and review outliers","Estimator/PM review plus independent benchmark required")) -> Collect actual project records
A9: Bulk earthworks | B9: Civil | C9: =COUNTIF('Weather Log'!$D$7:$D$206,A9) -> 0 | D9: =SUMIF('Weather Log'!$D$7:$D$206,A9,'Weather Log'!$E$7:$E$206) -> 0 | E9: =SUMIF('Weather Log'!$D$7:$D$206,A9,'Weather Log'!$F$7:$F$206) -> 0 | F9: =SUMIF('Weather Log'!$D$7:$D$206,A9,'Weather Log'!$G$7:$G$206) -> 0 | G9: =SUMIF('Weather Log'!$D$7:$D$206,A9,'Weather Log'!$H$7:$H$206) -> 0 | H9: =SUMIF('Weather Log'!$D$7:$D$206,A9,'Weather Log'!$I$7:$I$206) -> 0 | I9: =SUMIF('Weather Log'!$D$7:$D$206,A9,'Weather Log'!$J$7:$J$206) -> 0 | J9: =IFERROR(I9/D9,0) -> 0 | K9: =SUMIF('Weather Log'!$D$7:$D$206,A9,'Weather Log'!$K$7:$K$206) -> 0 | L9: =IF(C9=0,"UNCALIBRATED",IF(C9<5,"PARTIAL - fewer than 5 records",IF(C9<10,"AMBER - 5 to 9 records","REVIEW FOR GREEN - 10+ records"))) -> UNCALIBRATED | M9: =IF(C9=0,"Collect actual project records",IF(C9<10,"Continue collecting and review outliers","Estimator/PM review plus independent benchmark required")) -> Collect actual project records
A10: Detailed earthworks / trim subgrade | B10: Civil | C10: =COUNTIF('Weather Log'!$D$7:$D$206,A10) -> 0 | D10: =SUMIF('Weather Log'!$D$7:$D$206,A10,'Weather Log'!$E$7:$E$206) -> 0 | E10: =SUMIF('Weather Log'!$D$7:$D$206,A10,'Weather Log'!$F$7:$F$206) -> 0 | F10: =SUMIF('Weather Log'!$D$7:$D$206,A10,'Weather Log'!$G$7:$G$206) -> 0 | G10: =SUMIF('Weather Log'!$D$7:$D$206,A10,'Weather Log'!$H$7:$H$206) -> 0 | H10: =SUMIF('Weather Log'!$D$7:$D$206,A10,'Weather Log'!$I$7:$I$206) -> 0 | I10: =SUMIF('Weather Log'!$D$7:$D$206,A10,'Weather Log'!$J$7:$J$206) -> 0 | J10: =IFERROR(I10/D10,0) -> 0 | K10: =SUMIF('Weather Log'!$D$7:$D$206,A10,'Weather Log'!$K$7:$K$206) -> 0 | L10: =IF(C10=0,"UNCALIBRATED",IF(C10<5,"PARTIAL - fewer than 5 records",IF(C10<10,"AMBER - 5 to 9 records","REVIEW FOR GREEN - 10+ records"))) -> UNCALIBRATED | M10: =IF(C10=0,"Collect actual project records",IF(C10<10,"Continue collecting and review outliers","Estimator/PM review plus independent benchmark required")) -> Collect actual project records
A11: Cut to fill / cartage | B11: Civil | C11: =COUNTIF('Weather Log'!$D$7:$D$206,A11) -> 0 | D11: =SUMIF('Weather Log'!$D$7:$D$206,A11,'Weather Log'!$E$7:$E$206) -> 0 | E11: =SUMIF('Weather Log'!$D$7:$D$206,A11,'Weather Log'!$F$7:$F$206) -> 0 | F11: =SUMIF('Weather Log'!$D$7:$D$206,A11,'Weather Log'!$G$7:$G$206) -> 0 | G11: =SUMIF('Weather Log'!$D$7:$D$206,A11,'Weather Log'!$H$7:$H$206) -> 0 | H11: =SUMIF('Weather Log'!$D$7:$D$206,A11,'Weather Log'!$I$7:$I$206) -> 0 | I11: =SUMIF('Weather Log'!$D$7:$D$206,A11,'Weather Log'!$J$7:$J$206) -> 0 | J11: =IFERROR(I11/D11,0) -> 0 | K11: =SUMIF('Weather Log'!$D$7:$D$206,A11,'Weather Log'!$K$7:$K$206) -> 0 | L11: =IF(C11=0,"UNCALIBRATED",IF(C11<5,"PARTIAL - fewer than 5 records",IF(C11<10,"AMBER - 5 to 9 records","REVIEW FOR GREEN - 10+ records"))) -> UNCALIBRATED | M11: =IF(C11=0,"Collect actual project records",IF(C11<10,"Continue collecting and review outliers","Estimator/PM review plus independent benchmark required")) -> Collect actual project records
A12: Building platform / pad prep | B12: Civil | C12: =COUNTIF('Weather Log'!$D$7:$D$206,A12) -> 0 | D12: =SUMIF('Weather Log'!$D$7:$D$206,A12,'Weather Log'!$E$7:$E$206) -> 0 | E12: =SUMIF('Weather Log'!$D$7:$D$206,A12,'Weather Log'!$F$7:$F$206) -> 0 | F12: =SUMIF('Weather Log'!$D$7:$D$206,A12,'Weather Log'!$G$7:$G$206) -> 0 | G12: =SUMIF('Weather Log'!$D$7:$D$206,A12,'Weather Log'!$H$7:$H$206) -> 0 | H12: =SUMIF('Weather Log'!$D$7:$D$206,A12,'Weather Log'!$I$7:$I$206) -> 0 | I12: =SUMIF('Weather Log'!$D$7:$D$206,A12,'Weather Log'!$J$7:$J$206) -> 0 | J12: =IFERROR(I12/D12,0) -> 0 | K12: =SUMIF('Weather Log'!$D$7:$D$206,A12,'Weather Log'!$K$7:$K$206) -> 0 | L12: =IF(C12=0,"UNCALIBRATED",IF(C12<5,"PARTIAL - fewer than 5 records",IF(C12<10,"AMBER - 5 to 9 records","REVIEW FOR GREEN - 10+ records"))) -> UNCALIBRATED | M12: =IF(C12=0,"Collect actual project records",IF(C12<10,"Continue collecting and review outliers","Estimator/PM review plus independent benchmark required")) -> Collect actual project records
A13: Drainage trenching | B13: Civil | C13: =COUNTIF('Weather Log'!$D$7:$D$206,A13) -> 0 | D13: =SUMIF('Weather Log'!$D$7:$D$206,A13,'Weather Log'!$E$7:$E$206) -> 0 | E13: =SUMIF('Weather Log'!$D$7:$D$206,A13,'Weather Log'!$F$7:$F$206) -> 0 | F13: =SUMIF('Weather Log'!$D$7:$D$206,A13,'Weather Log'!$G$7:$G$206) -> 0 | G13: =SUMIF('Weather Log'!$D$7:$D$206,A13,'Weather Log'!$H$7:$H$206) -> 0 | H13: =SUMIF('Weather Log'!$D$7:$D$206,A13,'Weather Log'!$I$7:$I$206) -> 0 | I13: =SUMIF('Weather Log'!$D$7:$D$206,A13,'Weather Log'!$J$7:$J$206) -> 0 | J13: =IFERROR(I13/D13,0) -> 0 | K13: =SUMIF('Weather Log'!$D$7:$D$206,A13,'Weather Log'!$K$7:$K$206) -> 0 | L13: =IF(C13=0,"UNCALIBRATED",IF(C13<5,"PARTIAL - fewer than 5 records",IF(C13<10,"AMBER - 5 to 9 records","REVIEW FOR GREEN - 10+ records"))) -> UNCALIBRATED | M13: =IF(C13=0,"Collect actual project records",IF(C13<10,"Continue collecting and review outliers","Estimator/PM review plus independent benchmark required")) -> Collect actual project records
A14: Manholes / chambers | B14: Civil | C14: =COUNTIF('Weather Log'!$D$7:$D$206,A14) -> 0 | D14: =SUMIF('Weather Log'!$D$7:$D$206,A14,'Weather Log'!$E$7:$E$206) -> 0 | E14: =SUMIF('Weather Log'!$D$7:$D$206,A14,'Weather Log'!$F$7:$F$206) -> 0 | F14: =SUMIF('Weather Log'!$D$7:$D$206,A14,'Weather Log'!$G$7:$G$206) -> 0 | G14: =SUMIF('Weather Log'!$D$7:$D$206,A14,'Weather Log'!$H$7:$H$206) -> 0 | H14: =SUMIF('Weather Log'!$D$7:$D$206,A14,'Weather Log'!$I$7:$I$206) -> 0 | I14: =SUMIF('Weather Log'!$D$7:$D$206,A14,'Weather Log'!$J$7:$J$206) -> 0 | J14: =IFERROR(I14/D14,0) -> 0 | K14: =SUMIF('Weather Log'!$D$7:$D$206,A14,'Weather Log'!$K$7:$K$206) -> 0 | L14: =IF(C14=0,"UNCALIBRATED",IF(C14<5,"PARTIAL - fewer than 5 records",IF(C14<10,"AMBER - 5 to 9 records","REVIEW FOR GREEN - 10+ records"))) -> UNCALIBRATED | M14: =IF(C14=0,"Collect actual project records",IF(C14<10,"Continue collecting and review outliers","Estimator/PM review plus independent benchmark required")) -> Collect actual project records
A15: Service trenches / ducting | B15: Civil | C15: =COUNTIF('Weather Log'!$D$7:$D$206,A15) -> 0 | D15: =SUMIF('Weather Log'!$D$7:$D$206,A15,'Weather Log'!$E$7:$E$206) -> 0 | E15: =SUMIF('Weather Log'!$D$7:$D$206,A15,'Weather Log'!$F$7:$F$206) -> 0 | F15: =SUMIF('Weather Log'!$D$7:$D$206,A15,'Weather Log'!$G$7:$G$206) -> 0 | G15: =SUMIF('Weather Log'!$D$7:$D$206,A15,'Weather Log'!$H$7:$H$206) -> 0 | H15: =SUMIF('Weather Log'!$D$7:$D$206,A15,'Weather Log'!$I$7:$I$206) -> 0 | I15: =SUMIF('Weather Log'!$D$7:$D$206,A15,'Weather Log'!$J$7:$J$206) -> 0 | J15: =IFERROR(I15/D15,0) -> 0 | K15: =SUMIF('Weather Log'!$D$7:$D$206,A15,'Weather Log'!$K$7:$K$206) -> 0 | L15: =IF(C15=0,"UNCALIBRATED",IF(C15<5,"PARTIAL - fewer than 5 records",IF(C15<10,"AMBER - 5 to 9 records","REVIEW FOR GREEN - 10+ records"))) -> UNCALIBRATED | M15: =IF(C15=0,"Collect actual project records",IF(C15<10,"Continue collecting and review outliers","Estimator/PM review plus independent benchmark required")) -> Collect actual project records
A16: Bored piles / drilled holes | B16: Civil | C16: =COUNTIF('Weather Log'!$D$7:$D$206,A16) -> 0 | D16: =SUMIF('Weather Log'!$D$7:$D$206,A16,'Weather Log'!$E$7:$E$206) -> 0 | E16: =SUMIF('Weather Log'!$D$7:$D$206,A16,'Weather Log'!$F$7:$F$206) -> 0 | F16: =SUMIF('Weather Log'!$D$7:$D$206,A16,'Weather Log'!$G$7:$G$206) -> 0 | G16: =SUMIF('Weather Log'!$D$7:$D$206,A16,'Weather Log'!$H$7:$H$206) -> 0 | H16: =SUMIF('Weather Log'!$D$7:$D$206,A16,'Weather Log'!$I$7:$I$206) -> 0 | I16: =SUMIF('Weather Log'!$D$7:$D$206,A16,'Weather Log'!$J$7:$J$206) -> 0 | J16: =IFERROR(I16/D16,0) -> 0 | K16: =SUMIF('Weather Log'!$D$7:$D$206,A16,'Weather Log'!$K$7:$K$206) -> 0 | L16: =IF(C16=0,"UNCALIBRATED",IF(C16<5,"PARTIAL - fewer than 5 records",IF(C16<10,"AMBER - 5 to 9 records","REVIEW FOR GREEN - 10+ records"))) -> UNCALIBRATED | M16: =IF(C16=0,"Collect actual project records",IF(C16<10,"Continue collecting and review outliers","Estimator/PM review plus independent benchmark required")) -> Collect actual project records
A17: Driven poles / posts | B17: Civil | C17: =COUNTIF('Weather Log'!$D$7:$D$206,A17) -> 0 | D17: =SUMIF('Weather Log'!$D$7:$D$206,A17,'Weather Log'!$E$7:$E$206) -> 0 | E17: =SUMIF('Weather Log'!$D$7:$D$206,A17,'Weather Log'!$F$7:$F$206) -> 0 | F17: =SUMIF('Weather Log'!$D$7:$D$206,A17,'Weather Log'!$G$7:$G$206) -> 0 | G17: =SUMIF('Weather Log'!$D$7:$D$206,A17,'Weather Log'!$H$7:$H$206) -> 0 | H17: =SUMIF('Weather Log'!$D$7:$D$206,A17,'Weather Log'!$I$7:$I$206) -> 0 | I17: =SUMIF('Weather Log'!$D$7:$D$206,A17,'Weather Log'!$J$7:$J$206) -> 0 | J17: =IFERROR(I17/D17,0) -> 0 | K17: =SUMIF('Weather Log'!$D$7:$D$206,A17,'Weather Log'!$K$7:$K$206) -> 0 | L17: =IF(C17=0,"UNCALIBRATED",IF(C17<5,"PARTIAL - fewer than 5 records",IF(C17<10,"AMBER - 5 to 9 records","REVIEW FOR GREEN - 10+ records"))) -> UNCALIBRATED | M17: =IF(C17=0,"Collect actual project records",IF(C17<10,"Continue collecting and review outliers","Estimator/PM review plus independent benchmark required")) -> Collect actual project records
A18: Retaining wall excavation | B18: Civil | C18: =COUNTIF('Weather Log'!$D$7:$D$206,A18) -> 0 | D18: =SUMIF('Weather Log'!$D$7:$D$206,A18,'Weather Log'!$E$7:$E$206) -> 0 | E18: =SUMIF('Weather Log'!$D$7:$D$206,A18,'Weather Log'!$F$7:$F$206) -> 0 | F18: =SUMIF('Weather Log'!$D$7:$D$206,A18,'Weather Log'!$G$7:$G$206) -> 0 | G18: =SUMIF('Weather Log'!$D$7:$D$206,A18,'Weather Log'!$H$7:$H$206) -> 0 | H18: =SUMIF('Weather Log'!$D$7:$D$206,A18,'Weather Log'!$I$7:$I$206) -> 0 | I18: =SUMIF('Weather Log'!$D$7:$D$206,A18,'Weather Log'!$J$7:$J$206) -> 0 | J18: =IFERROR(I18/D18,0) -> 0 | K18: =SUMIF('Weather Log'!$D$7:$D$206,A18,'Weather Log'!$K$7:$K$206) -> 0 | L18: =IF(C18=0,"UNCALIBRATED",IF(C18<5,"PARTIAL - fewer than 5 records",IF(C18<10,"AMBER - 5 to 9 records","REVIEW FOR GREEN - 10+ records"))) -> UNCALIBRATED | M18: =IF(C18=0,"Collect actual project records",IF(C18<10,"Continue collecting and review outliers","Estimator/PM review plus independent benchmark required")) -> Collect actual project records
... A45: Workshop fabrication / sheltered prep | B45: Building | C45: =COUNTIF('Weather Log'!$D$7:$D$206,A45) -> 0 | D45: =SUMIF('Weather Log'!$D$7:$D$206,A45,'Weather Log'!$E$7:$E$206) -> 0 | E45: =SUMIF('Weather Log'!$D$7:$D$206,A45,'Weather Log'!$F$7:$F$206) -> 0 | F45: =SUMIF('Weather Log'!$D$7:$D$206,A45,'Weather Log'!$G$7:$G$206) -> 0 | G45: =SUMIF('Weather Log'!$D$7:$D$206,A45,'Weather Log'!$H$7:$H$206) -> 0 | H45: =SUMIF('Weather Log'!$D$7:$D$206,A45,'Weather Log'!$I$7:$I$206) -> 0 | I45: =SUMIF('Weather Log'!$D$7:$D$206,A45,'Weather Log'!$J$7:$J$206) -> 0 | J45: =IFERROR(I45/D45,0) -> 0 | K45: =SUMIF('Weather Log'!$D$7:$D$206,A45,'Weather Log'!$K$7:$K$206) -> 0 | L45: =IF(C45=0,"UNCALIBRATED",IF(C45<5,"PARTIAL - fewer than 5 records",IF(C45<10,"AMBER - 5 to 9 records","REVIEW FOR GREEN - 10+ records"))) -> UNCALIBRATED | M45: =IF(C45=0,"Collect actual project records",IF(C45<10,"Continue collecting and review outliers","Estimator/PM review plus independent benchmark required")) -> Collect actual project records

Sheet Calculation Audit
A1: Weather Model Calculation Audit and Release Gate | B1: Weather Model Calculation Audit and Release Gate | C1: Weather Model Calculation Audit and Release Gate | D1: Weather Model Calculation Audit and Release Gate | E1: Weather Model Calculation Audit and Release Gate | F1: Weather Model Calculation Audit and Release Gate
A3: Check | B3: Expected | C3: Actual | D3: Status | E3: Why It Matters | F3: Action if Not OK
A4: NIWA location count | B4: 30 | C4: =COUNTA('Station Register'!$A$7:$A$36) -> 30 | D4: =IF(C4=B4,"GREEN - OK","RED - CHECK") -> GREEN - OK | E4: Location selector completeness | F4: Reload official source data
A5: Climate data rows | B5: 360 | C5: =COUNTA('Climate Data'!$A$7:$A$366) -> 360 | D5: =IF(C5=B5,"GREEN - OK","RED - CHECK") -> GREEN - OK | E5: 12 months per location | F5: Repair missing station/month rows
A6: Missing wet-day values | B6: 0 | C6: =COUNTBLANK('Climate Data'!$D$7:$D$366) -> 0 | D6: =IF(C6=B6,"GREEN - OK","RED - CHECK") -> GREEN - OK | E6: Prevents unsupported probabilities | F6: Stop use and reload source
A7: Missing rainfall values | B7: 0 | C7: =COUNTBLANK('Climate Data'!$E$7:$E$366) -> 0 | D7: =IF(C7=B7,"GREEN - OK","RED - CHECK") -> GREEN - OK | E7: Source completeness | F7: Stop use and reload source
A8: Wet-day probability outside 0-100% | B8: 0 | C8: =COUNTIF('Climate Data'!$G$7:$G$366,"<0")+COUNTIF('Climate Data'!$G$7:$G$366,">1") -> 0 | D8: =IF(C8=B8,"GREEN - OK","RED - CHECK") -> GREEN - OK | E8: Probability validity | F8: Repair source/formula
A9: Task library rows | B9: 39 | C9: =COUNTA('Task Library'!$A$7:$A$45) -> 39 | D9: =IF(C9=B9,"GREEN - OK","RED - CHECK") -> GREEN - OK | E9: Original task coverage retained | F9: Review task import
A10: Date engine start | B10: 45658 | C10: =MIN('Date Engine'!$A$7:$A$5850) -> 45658 | D10: =IF(C10=B10,"GREEN - OK","RED - CHECK") -> GREEN - OK | E10: Input coverage | F10: Extend engine
A11: Date engine finish | B11: 51501 | C11: =MAX('Date Engine'!$A$7:$A$5850) -> 51501 | D11: =IF(C11=B11,"GREEN - OK","RED - CHECK") -> GREEN - OK | E11: Input coverage | F11: Extend engine
A12: Active Estimator RED controls | B12: 0 | C12: =IF(LEFT(Estimator!$H$29,3)="RED",1,0) -> 1 | D12: =IF(C12=B12,"GREEN - OK","RED - CHECK") -> RED - CHECK | E12: Blocks unsupported issue | F12: Resolve inputs or qualify/exclude
A13: Activity Allowances RED rows | B13: 0 | C13: =COUNTIF('Activity Allowances'!$AK$7:$AK$36,"RED - date input")+COUNTIF('Activity Allowances'!$AK$7:$AK$36,"RED - wind input") -> 0 | D13: =IF(C13=B13,"GREEN - OK","RED - CHECK") -> GREEN - OK | E13: Blocks unsupported issue | F13: Resolve task dates/wind data
A16: Source and Assumption Release Status | B16: Source and Assumption Release Status | C16: Source and Assumption Release Status | D16: Source and Assumption Release Status | E16: Source and Assumption Release Status | F16: Source and Assumption Release Status
A17: Component | B17: Status | C17: Reason
A18: NIWA 1991-2020 wet-day and rainfall data | B18: GREEN | C18: Current official published climate normals
A19: Task sensitivity defaults | B19: AMBER | C19: Company judgement pending actual-project calibration
A20: Auckland wind proxy | B20: AMBER | C20: Legacy proxy and inferred monthly allocation
A21: Non-Auckland wind inputs | B21: RED if material | C21: No public threshold-aligned frequency loaded
A24: Tool release gate | B24: =IF(COUNTIF(D4:D13,"RED - CHECK")>0,"RED - DO NOT ISSUE ACTIVE OUTPUT","AMBER - TOOL USABLE WITH DISCLOSURES") -> RED - DO NOT ISSUE ACTIVE OUTPUT

Sheet Source Register
A1: Source Register and Model Limitations | B1: Source Register and Model Limitations | C1: Source Register and Model Limitations | D1: Source Register and Model Limitations | E1: Source Register and Model Limitations | F1: Source Register and Model Limitations | G1: Source Register and Model Limitations | H1: Source Register and Model Limitations
A3: Source ID | B3: Variable / Use | C3: Source | D3: Period / Version | E3: Accessed | F3: Status | G3: Source URL | H3: Limitations / Required Action
A4: SRC-WX-001 | B4: Mean monthly wet days >=1 mm | C4: NIWA / Earth Sciences New Zealand | D4: 1991-2020 normals | E4: 46248 | F4: GREEN | G4: https://niwa.co.nz/sites/default/files/inline-images/wet_days_1991-2020_1.xlsx | H4: Official climate normal. A wet day is not automatically a construction lost day.
A5: SRC-WX-002 | B5: Mean monthly rainfall and rain per wet day context | C5: NIWA / Earth Sciences New Zealand | D5: 1991-2020 normals | E5: 46248 | F5: GREEN | G5: https://niwa.co.nz/sites/default/files/inline-images/mean_monthly_rainfall_1991-2020_1.xlsx | H5: Rainfall intensity is shown as context and does not directly set lost days.
A6: SRC-WX-003 | B6: Climate data landing page and reuse licence | C6: NIWA / Earth Sciences New Zealand | D6: Current page | E6: 46248 | F6: GREEN | G6: https://niwa.co.nz/climate-and-weather/climate-data-and-activities | H6: Downloads are published under Creative Commons Attribution 4.0.
A7: SRC-WX-004 | B7: Auckland gust-day proxy | C7: NIWA Auckland climate report | D7: Legacy regional climatology | E7: 46248 | F7: AMBER | G7: https://webstatic.niwa.co.nz/static/web/Auckland_Climate_NIWA.pdf | H7: 55 days/year with gusts >63 km/h. Monthly allocation is inferred from seasonal strong-wind shares; replace with threshold-aligned data where wind is material.
A8: SRC-WX-005 | B8: Task exposure, productivity, carryover and recovery factors | C8: Company estimating judgement | D8: Rev2 initial defaults | E8: 46248 | F8: AMBER | G8: Internal Task Library | H8: Uncalibrated starting points. Improve from Weather Log and independent review.
A9: SRC-WX-006 | B9: Local wet-day factor | C9: Project-specific evidence | D9: User input | F9: RED until sourced when not 1.00 | G9: Estimator input | H9: Record topography, station comparison, site history or other defensible basis.
A12: Model Interpretation Rules | B12: Model Interpretation Rules | C12: Model Interpretation Rules | D12: Model Interpretation Rules | E12: Model Interpretation Rules | F12: Model Interpretation Rules | G12: Model Interpretation Rules | H12: Model Interpretation Rules
A13: 1 | B13: The output is a planning allowance based on long-run climate normals, not a weather forecast or guaranteed loss.
A14: 2 | B14: Dates determine the monthly climate weighting and workday count. They do not predict weather on a particular day.
A15: 3 | B15: Rain, wet-ground carryover, wind, direct productivity, critical-path delay, time-related preliminaries, hire and recovery are separate cost drivers.
A16: 4 | B16: Do not sum programme delay across concurrent tasks. Use only the verified critical path from the programme.
A17: 5 | B17: Task factors are AMBER until actual company data and an independent review support change control.
A18: 6 | B18: If the site is outside 2025-2040 date-engine coverage, update the engine before use.
A19: 7 | B19: If the selected location is not Auckland and wind is material, supply threshold-aligned wind data or exclude / qualify the wind risk.

Sheet Date Engine
A1: Date Engine - 2025 to 2040 | B1: Date Engine - 2025 to 2040 | C1: Date Engine - 2025 to 2040 | D1: Date Engine - 2025 to 2040 | E1: Date Engine - 2025 to 2040 | F1: Date Engine - 2025 to 2040 | G1: Date Engine - 2025 to 2040 | H1: Date Engine - 2025 to 2040 | I1: Date Engine - 2025 to 2040 | J1: Date Engine - 2025 to 2040
A3: Calculation support sheet. Workday flags follow the Estimator working-days-per-week input. Public holidays and shutdowns are not included; use the working-days override once the contract calendar is known.
A6: Date | B6: Year | C6: Month # | D6: Month | E6: Day | F6: Weekday # | G6: Standard Workday | H6: Daily Wet-Day Probability | I6: Mean Rain per Wet Day (mm) | J6: Daily Wind Proxy Probability
A7: 45658 | B7: 2025 | C7: 1 | D7: Jan | E7: 1 | F7: 3 | G7: =--(F7<=Estimator!$B$7) -> 1 | H7: =SUMIFS('Climate Data'!$G$7:$G$366,'Climate Data'!$A$7:$A$366,Estimator!$B$4,'Climate Data'!$B$7:$B$366,C7) -> 0.19462366 | I7: =SUMIFS('Climate Data'!$H$7:$H$366,'Climate Data'!$A$7:$A$366,Estimator!$B$4,'Climate Data'!$B$7:$B$366,C7) -> 7.0276243 | J7: =SUMIFS('Wind Proxy'!$H$8:$H$19,'Wind Proxy'!$A$8:$A$19,Estimator!$B$4,'Wind Proxy'!$B$8:$B$19,C7) -> 0
A8: 45659 | B8: 2025 | C8: 1 | D8: Jan | E8: 2 | F8: 4 | G8: =--(F8<=Estimator!$B$7) -> 1 | H8: =SUMIFS('Climate Data'!$G$7:$G$366,'Climate Data'!$A$7:$A$366,Estimator!$B$4,'Climate Data'!$B$7:$B$366,C8) -> 0.19462366 | I8: =SUMIFS('Climate Data'!$H$7:$H$366,'Climate Data'!$A$7:$A$366,Estimator!$B$4,'Climate Data'!$B$7:$B$366,C8) -> 7.0276243 | J8: =SUMIFS('Wind Proxy'!$H$8:$H$19,'Wind Proxy'!$A$8:$A$19,Estimator!$B$4,'Wind Proxy'!$B$8:$B$19,C8) -> 0
A9: 45660 | B9: 2025 | C9: 1 | D9: Jan | E9: 3 | F9: 5 | G9: =--(F9<=Estimator!$B$7) -> 1 | H9: =SUMIFS('Climate Data'!$G$7:$G$366,'Climate Data'!$A$7:$A$366,Estimator!$B$4,'Climate Data'!$B$7:$B$366,C9) -> 0.19462366 | I9: =SUMIFS('Climate Data'!$H$7:$H$366,'Climate Data'!$A$7:$A$366,Estimator!$B$4,'Climate Data'!$B$7:$B$366,C9) -> 7.0276243 | J9: =SUMIFS('Wind Proxy'!$H$8:$H$19,'Wind Proxy'!$A$8:$A$19,Estimator!$B$4,'Wind Proxy'!$B$8:$B$19,C9) -> 0
A10: 45661 | B10: 2025 | C10: 1 | D10: Jan | E10: 4 | F10: 6 | G10: =--(F10<=Estimator!$B$7) -> 0 | H10: =SUMIFS('Climate Data'!$G$7:$G$366,'Climate Data'!$A$7:$A$366,Estimator!$B$4,'Climate Data'!$B$7:$B$366,C10) -> 0.19462366 | I10: =SUMIFS('Climate Data'!$H$7:$H$366,'Climate Data'!$A$7:$A$366,Estimator!$B$4,'Climate Data'!$B$7:$B$366,C10) -> 7.0276243 | J10: =SUMIFS('Wind Proxy'!$H$8:$H$19,'Wind Proxy'!$A$8:$A$19,Estimator!$B$4,'Wind Proxy'!$B$8:$B$19,C10) -> 0
A11: 45662 | B11: 2025 | C11: 1 | D11: Jan | E11: 5 | F11: 7 | G11: =--(F11<=Estimator!$B$7) -> 0 | H11: =SUMIFS('Climate Data'!$G$7:$G$366,'Climate Data'!$A$7:$A$366,Estimator!$B$4,'Climate Data'!$B$7:$B$366,C11) -> 0.19462366 | I11: =SUMIFS('Climate Data'!$H$7:$H$366,'Climate Data'!$A$7:$A$366,Estimator!$B$4,'Climate Data'!$B$7:$B$366,C11) -> 7.0276243 | J11: =SUMIFS('Wind Proxy'!$H$8:$H$19,'Wind Proxy'!$A$8:$A$19,Estimator!$B$4,'Wind Proxy'!$B$8:$B$19,C11) -> 0
A12: 45663 | B12: 2025 | C12: 1 | D12: Jan | E12: 6 | F12: 1 | G12: =--(F12<=Estimator!$B$7) -> 1 | H12: =SUMIFS('Climate Data'!$G$7:$G$366,'Climate Data'!$A$7:$A$366,Estimator!$B$4,'Climate Data'!$B$7:$B$366,C12) -> 0.19462366 | I12: =SUMIFS('Climate Data'!$H$7:$H$366,'Climate Data'!$A$7:$A$366,Estimator!$B$4,'Climate Data'!$B$7:$B$366,C12) -> 7.0276243 | J12: =SUMIFS('Wind Proxy'!$H$8:$H$19,'Wind Proxy'!$A$8:$A$19,Estimator!$B$4,'Wind Proxy'!$B$8:$B$19,C12) -> 0
A13: 45664 | B13: 2025 | C13: 1 | D13: Jan | E13: 7 | F13: 2 | G13: =--(F13<=Estimator!$B$7) -> 1 | H13: =SUMIFS('Climate Data'!$G$7:$G$366,'Climate Data'!$A$7:$A$366,Estimator!$B$4,'Climate Data'!$B$7:$B$366,C13) -> 0.19462366 | I13: =SUMIFS('Climate Data'!$H$7:$H$366,'Climate Data'!$A$7:$A$366,Estimator!$B$4,'Climate Data'!$B$7:$B$366,C13) -> 7.0276243 | J13: =SUMIFS('Wind Proxy'!$H$8:$H$19,'Wind Proxy'!$A$8:$A$19,Estimator!$B$4,'Wind Proxy'!$B$8:$B$19,C13) -> 0
A14: 45665 | B14: 2025 | C14: 1 | D14: Jan | E14: 8 | F14: 3 | G14: =--(F14<=Estimator!$B$7) -> 1 | H14: =SUMIFS('Climate Data'!$G$7:$G$366,'Climate Data'!$A$7:$A$366,Estimator!$B$4,'Climate Data'!$B$7:$B$366,C14) -> 0.19462366 | I14: =SUMIFS('Climate Data'!$H$7:$H$366,'Climate Data'!$A$7:$A$366,Estimator!$B$4,'Climate Data'!$B$7:$B$366,C14) -> 7.0276243 | J14: =SUMIFS('Wind Proxy'!$H$8:$H$19,'Wind Proxy'!$A$8:$A$19,Estimator!$B$4,'Wind Proxy'!$B$8:$B$19,C14) -> 0
A15: 45666 | B15: 2025 | C15: 1 | D15: Jan | E15: 9 | F15: 4 | G15: =--(F15<=Estimator!$B$7) -> 1 | H15: =SUMIFS('Climate Data'!$G$7:$G$366,'Climate Data'!$A$7:$A$366,Estimator!$B$4,'Climate Data'!$B$7:$B$366,C15) -> 0.19462366 | I15: =SUMIFS('Climate Data'!$H$7:$H$366,'Climate Data'!$A$7:$A$366,Estimator!$B$4,'Climate Data'!$B$7:$B$366,C15) -> 7.0276243 | J15: =SUMIFS('Wind Proxy'!$H$8:$H$19,'Wind Proxy'!$A$8:$A$19,Estimator!$B$4,'Wind Proxy'!$B$8:$B$19,C15) -> 0
A16: 45667 | B16: 2025 | C16: 1 | D16: Jan | E16: 10 | F16: 5 | G16: =--(F16<=Estimator!$B$7) -> 1 | H16: =SUMIFS('Climate Data'!$G$7:$G$366,'Climate Data'!$A$7:$A$366,Estimator!$B$4,'Climate Data'!$B$7:$B$366,C16) -> 0.19462366 | I16: =SUMIFS('Climate Data'!$H$7:$H$366,'Climate Data'!$A$7:$A$366,Estimator!$B$4,'Climate Data'!$B$7:$B$366,C16) -> 7.0276243 | J16: =SUMIFS('Wind Proxy'!$H$8:$H$19,'Wind Proxy'!$A$8:$A$19,Estimator!$B$4,'Wind Proxy'!$B$8:$B$19,C16) -> 0
A17: 45668 | B17: 2025 | C17: 1 | D17: Jan | E17: 11 | F17: 6 | G17: =--(F17<=Estimator!$B$7) -> 0 | H17: =SUMIFS('Climate Data'!$G$7:$G$366,'Climate Data'!$A$7:$A$366,Estimator!$B$4,'Climate Data'!$B$7:$B$366,C17) -> 0.19462366 | I17: =SUMIFS('Climate Data'!$H$7:$H$366,'Climate Data'!$A$7:$A$366,Estimator!$B$4,'Climate Data'!$B$7:$B$366,C17) -> 7.0276243 | J17: =SUMIFS('Wind Proxy'!$H$8:$H$19,'Wind Proxy'!$A$8:$A$19,Estimator!$B$4,'Wind Proxy'!$B$8:$B$19,C17) -> 0
A18: 45669 | B18: 2025 | C18: 1 | D18: Jan | E18: 12 | F18: 7 | G18: =--(F18<=Estimator!$B$7) -> 0 | H18: =SUMIFS('Climate Data'!$G$7:$G$366,'Climate Data'!$A$7:$A$366,Estimator!$B$4,'Climate Data'!$B$7:$B$366,C18) -> 0.19462366 | I18: =SUMIFS('Climate Data'!$H$7:$H$366,'Climate Data'!$A$7:$A$366,Estimator!$B$4,'Climate Data'!$B$7:$B$366,C18) -> 7.0276243 | J18: =SUMIFS('Wind Proxy'!$H$8:$H$19,'Wind Proxy'!$A$8:$A$19,Estimator!$B$4,'Wind Proxy'!$B$8:$B$19,C18) -> 0
... A5850: 51501 | B5850: 2040 | C5850: 12 | D5850: Dec | E5850: 31 | F5850: 1 | G5850: =--(F5850<=Estimator!$B$7) -> 1 | H5850: =SUMIFS('Climate Data'!$G$7:$G$366,'Climate Data'!$A$7:$A$366,Estimator!$B$4,'Climate Data'!$B$7:$B$366,C5850) -> 0.22688172 | I5850: =SUMIFS('Climate Data'!$H$7:$H$366,'Climate Data'!$A$7:$A$366,Estimator!$B$4,'Climate Data'!$B$7:$B$366,C5850) -> 6.7962085 | J5850: =SUMIFS('Wind Proxy'!$H$8:$H$19,'Wind Proxy'!$A$8:$A$19,Estimator!$B$4,'Wind Proxy'!$B$8:$B$19,C5850) -> 0
